instance_id,dataset,financebench_id,setting,question_used,gold_answer,expected,evidence_chars,prompt_chars
fb-03029-oracle,financebench,financebench_id_03029,oracle,What is the FY2018 capital expenditure amount (in USD millions) for 3M? Give a response to the question by relying on the details shown in the cash flow statement.,$1577.00,answer,2877,3368
fb-03029-closedbook,financebench,financebench_id_03029,closedbook,What is the FY2018 capital expenditure amount (in USD millions) for 3M? Give a response to the question by relying on the details shown in the cash flow statement.,$1577.00,answer,0,493
fb-04672-oracle,financebench,financebench_id_04672,oracle,Assume that you are a public equities analyst. Answer the following question by primarily using information that is shown in the balance sheet: what is the year end FY2018 net PPNE for 3M? Answer in USD billions.,$8.70,answer,2241,2781
fb-04672-closedbook,financebench,financebench_id_04672,closedbook,Assume that you are a public equities analyst. Answer the following question by primarily using information that is shown in the balance sheet: what is the year end FY2018 net PPNE for 3M? Answer in USD billions.,$8.70,answer,0,542
fb-00499-oracle,financebench,financebench_id_00499,oracle,Is 3M a capital-intensive business based on FY2022 data?,"No, the company is managing its CAPEX and Fixed Assets pretty efficiently, which is evident from below key metrics:
CAPEX/Revenue Ratio: 5.1%
Fixed assets/Total Assets: 20%
Return on Assets= 12.4%",answer,6113,6497
fb-00499-closedbook,financebench,financebench_id_00499,closedbook,Is 3M a capital-intensive business based on FY2022 data?,"No, the company is managing its CAPEX and Fixed Assets pretty efficiently, which is evident from below key metrics:
CAPEX/Revenue Ratio: 5.1%
Fixed assets/Total Assets: 20%
Return on Assets= 12.4%",answer,0,386
fb-01226-oracle,financebench,financebench_id_01226,oracle,"What drove operating margin change as of FY2022 for 3M? If operating margin is not a useful metric for a company like this, then please state that and explain why.","Operating Margin for 3M in FY2022 has decreased by 1.7% primarily due to: 
-Decrease in gross Margin
-mostly one-off charges including Combat Arms Earplugs litigation, impairment related to exiting PFAS manufacturing, costs related to exiting Russia and divestiture-related restructuring
charges",answer,3082,3573
fb-01226-closedbook,financebench,financebench_id_01226,closedbook,"What drove operating margin change as of FY2022 for 3M? If operating margin is not a useful metric for a company like this, then please state that and explain why.","Operating Margin for 3M in FY2022 has decreased by 1.7% primarily due to: 
-Decrease in gross Margin
-mostly one-off charges including Combat Arms Earplugs litigation, impairment related to exiting PFAS manufacturing, costs related to exiting Russia and divestiture-related restructuring
charges",answer,0,493
fb-01865-oracle,financebench,financebench_id_01865,oracle,"If we exclude the impact of M&A, which segment has dragged down 3M's overall growth in 2022?",The consumer segment shrunk by 0.9% organically.,answer,2499,2919
fb-01865-closedbook,financebench,financebench_id_01865,closedbook,"If we exclude the impact of M&A, which segment has dragged down 3M's overall growth in 2022?",The consumer segment shrunk by 0.9% organically.,answer,0,422
fb-00807-oracle,financebench,financebench_id_00807,oracle,"Does 3M have a reasonably healthy liquidity profile based on its quick ratio for Q2 of FY2023? If the quick ratio is not relevant to measure liquidity, please state that and explain why.","No. The quick ratio for 3M was 0.96 by Jun'23 close, which needs a bit of an improvement to touch the 1x mark",answer,2162,2676
fb-00807-closedbook,financebench,financebench_id_00807,closedbook,"Does 3M have a reasonably healthy liquidity profile based on its quick ratio for Q2 of FY2023? If the quick ratio is not relevant to measure liquidity, please state that and explain why.","No. The quick ratio for 3M was 0.96 by Jun'23 close, which needs a bit of an improvement to touch the 1x mark",answer,0,516
fb-00941-oracle,financebench,financebench_id_00941,oracle,Which debt securities are registered to trade on a national securities exchange under 3M's name as of Q2 of 2023?,"Following debt securities registered under 3M's name are listed to trade on the New York Stock Exchange:
-1.500% Notes due 2026 (Trading Symbol: MMM26)
-1.750% Notes due 2030 (Trading Symbol: MMM30)
-1.500% Notes due 2031 (Trading Symbol: MMM31)",answer,3022,3463
fb-00941-closedbook,financebench,financebench_id_00941,closedbook,Which debt securities are registered to trade on a national securities exchange under 3M's name as of Q2 of 2023?,"Following debt securities registered under 3M's name are listed to trade on the New York Stock Exchange:
-1.500% Notes due 2026 (Trading Symbol: MMM26)
-1.750% Notes due 2030 (Trading Symbol: MMM30)
-1.500% Notes due 2031 (Trading Symbol: MMM31)",answer,0,443
fb-01858-oracle,financebench,financebench_id_01858,oracle,Does 3M maintain a stable trend of dividend distribution?,"Yes, not only they distribute the dividends on a routine basis, 3M has also been increasing the per share dividend for consecutive 65 years",answer,4469,4854
fb-01858-closedbook,financebench,financebench_id_01858,closedbook,Does 3M maintain a stable trend of dividend distribution?,"Yes, not only they distribute the dividends on a routine basis, 3M has also been increasing the per share dividend for consecutive 65 years",answer,0,387
fb-02987-oracle,financebench,financebench_id_02987,oracle,What is the FY2019 fixed asset turnover ratio for Activision Blizzard? Fixed asset turnover ratio is defined as: FY2019 revenue / (average PP&E between FY2018 and FY2019). Round your answer to two decimal places. Base your judgments on the information provided primarily in the statement of income and the statement of financial position.,24.26,answer,3291,3957
fb-02987-closedbook,financebench,financebench_id_02987,closedbook,What is the FY2019 fixed asset turnover ratio for Activision Blizzard? Fixed asset turnover ratio is defined as: FY2019 revenue / (average PP&E between FY2018 and FY2019). Round your answer to two decimal places. Base your judgments on the information provided primarily in the statement of income and the statement of financial position.,24.26,answer,0,668
fb-07966-oracle,financebench,financebench_id_07966,oracle,What is the FY2017 - FY2019 3 year average of capex as a % of revenue for Activision Blizzard? Answer in units of percents and round to one decimal place. Calculate (or extract) the answer from the statement of income and the cash flow statement.,1.9%,answer,4259,4833
fb-07966-closedbook,financebench,financebench_id_07966,closedbook,What is the FY2017 - FY2019 3 year average of capex as a % of revenue for Activision Blizzard? Answer in units of percents and round to one decimal place. Calculate (or extract) the answer from the statement of income and the cash flow statement.,1.9%,answer,0,576
fb-04735-oracle,financebench,financebench_id_04735,oracle,You are an investment banker and your only resource(s) to answer the following question is (are): the statement of financial position and the cash flow statement. Here's the question: what is the FY2015 operating cash flow ratio for Adobe? Operating cash flow ratio is defined as: cash from operations / total current liabilities. Round your answer to two decimal places.,0.66,answer,12132,12831
fb-04735-closedbook,financebench,financebench_id_04735,closedbook,You are an investment banker and your only resource(s) to answer the following question is (are): the statement of financial position and the cash flow statement. Here's the question: what is the FY2015 operating cash flow ratio for Adobe? Operating cash flow ratio is defined as: cash from operations / total current liabilities. Round your answer to two decimal places.,0.66,answer,0,701
fb-07507-oracle,financebench,financebench_id_07507,oracle,What is Adobe's year-over-year change in unadjusted operating income from FY2015 to FY2016 (in units of percents and round to one decimal place)? Give a solution to the question by using the income statement.,65.4%,answer,1692,2228
fb-07507-closedbook,financebench,financebench_id_07507,closedbook,What is Adobe's year-over-year change in unadjusted operating income from FY2015 to FY2016 (in units of percents and round to one decimal place)? Give a solution to the question by using the income statement.,65.4%,answer,0,538
fb-03856-oracle,financebench,financebench_id_03856,oracle,What is the FY2017 operating cash flow ratio for Adobe? Operating cash flow ratio is defined as: cash from operations / total current liabilities. Round your answer to two decimal places. Please utilize information provided primarily within the balance sheet and the cash flow statement.,0.83,answer,5006,5621
fb-03856-closedbook,financebench,financebench_id_03856,closedbook,What is the FY2017 operating cash flow ratio for Adobe? Operating cash flow ratio is defined as: cash from operations / total current liabilities. Round your answer to two decimal places. Please utilize information provided primarily within the balance sheet and the cash flow statement.,0.83,answer,0,617
fb-00438-oracle,financebench,financebench_id_00438,oracle,"Does Adobe have an improving operating margin profile as of FY2022? If operating margin is not a useful metric for a company like this, then state that and explain why.",No the operating margins of Adobe have recently declined from 36.8% in FY 2021 to 34.6% in FY2022. A drop by 2.2% in a year.,answer,1508,2004
fb-00438-closedbook,financebench,financebench_id_00438,closedbook,"Does Adobe have an improving operating margin profile as of FY2022? If operating margin is not a useful metric for a company like this, then state that and explain why.",No the operating margins of Adobe have recently declined from 36.8% in FY 2021 to 34.6% in FY2022. A drop by 2.2% in a year.,answer,0,498
fb-00591-oracle,financebench,financebench_id_00591,oracle,Does Adobe have an improving Free cashflow conversion as of FY2022?,"Yes, the FCF conversion (using net income as the denominator) for Adobe has improved by ~13% from 143% in 2021 to 156% in 2022",answer,2599,2994
fb-00591-closedbook,financebench,financebench_id_00591,closedbook,Does Adobe have an improving Free cashflow conversion as of FY2022?,"Yes, the FCF conversion (using net income as the denominator) for Adobe has improved by ~13% from 143% in 2021 to 156% in 2022",answer,0,397
fb-01319-oracle,financebench,financebench_id_01319,oracle,What is the quantity of restructuring costs directly outlined in AES Corporation's income statements for FY2022? If restructuring costs are not explicitly outlined then state 0.,0,answer,2607,3112
fb-01319-closedbook,financebench,financebench_id_01319,closedbook,What is the quantity of restructuring costs directly outlined in AES Corporation's income statements for FY2022? If restructuring costs are not explicitly outlined then state 0.,0,answer,0,507
fb-00540-oracle,financebench,financebench_id_00540,oracle,Roughly how many times has AES Corporation sold its inventory in FY2022? Calculate inventory turnover ratio for the FY2022; if conventional inventory management is not meaningful for the company then state that and explain why.,AES has converted inventory 9.5 times in FY 2022.,answer,5655,6210
fb-00540-closedbook,financebench,financebench_id_00540,closedbook,Roughly how many times has AES Corporation sold its inventory in FY2022? Calculate inventory turnover ratio for the FY2022; if conventional inventory management is not meaningful for the company then state that and explain why.,AES has converted inventory 9.5 times in FY 2022.,answer,0,557
fb-10420-oracle,financebench,financebench_id_10420,oracle,"Based on the information provided primarily in the statement of financial position and the statement of income, what is AES's FY2022 return on assets (ROA)? ROA is defined as: FY2022 net income / (average total assets between FY2021 and FY2022). Round your answer to two decimal places.",-0.02,answer,5655,6269
fb-10420-closedbook,financebench,financebench_id_10420,closedbook,"Based on the information provided primarily in the statement of financial position and the statement of income, what is AES's FY2022 return on assets (ROA)? ROA is defined as: FY2022 net income / (average total assets between FY2021 and FY2022). Round your answer to two decimal places.",-0.02,answer,0,616
fb-06655-oracle,financebench,financebench_id_06655,oracle,What is Amazon's FY2017 days payable outstanding (DPO)? DPO is defined as: 365 * (average accounts payable between FY2016 and FY2017) / (FY2017 COGS + change in inventory between FY2016 and FY2017). Round your answer to two decimal places. Address the question by using the line items and information shown within the balance sheet and the P&L statement.,93.86,answer,2669,3351
fb-06655-closedbook,financebench,financebench_id_06655,closedbook,What is Amazon's FY2017 days payable outstanding (DPO)? DPO is defined as: 365 * (average accounts payable between FY2016 and FY2017) / (FY2017 COGS + change in inventory between FY2016 and FY2017). Round your answer to two decimal places. Address the question by using the line items and information shown within the balance sheet and the P&L statement.,93.86,answer,0,684
fb-08135-oracle,financebench,financebench_id_08135,oracle,What is Amazon's year-over-year change in revenue from FY2016 to FY2017 (in units of percents and round to one decimal place)? Calculate what was asked by utilizing the line items clearly shown in the statement of income.,30.8%,answer,1272,1821
fb-08135-closedbook,financebench,financebench_id_08135,closedbook,What is Amazon's year-over-year change in revenue from FY2016 to FY2017 (in units of percents and round to one decimal place)? Calculate what was asked by utilizing the line items clearly shown in the statement of income.,30.8%,answer,0,551
fb-08286-oracle,financebench,financebench_id_08286,oracle,"By drawing conclusions from the information stated only in the income statement, what is Amazon's FY2019 net income attributable to shareholders (in USD millions)?",$11588.00,answer,1307,1798
fb-08286-closedbook,financebench,financebench_id_08286,closedbook,"By drawing conclusions from the information stated only in the income statement, what is Amazon's FY2019 net income attributable to shareholders (in USD millions)?",$11588.00,answer,0,493
fb-03882-oracle,financebench,financebench_id_03882,oracle,What is Amcor's year end FY2020 net AR (in USD millions)? Address the question by adopting the perspective of a financial analyst who can only use the details shown within the balance sheet.,$1616.00,answer,2109,2627
fb-03882-closedbook,financebench,financebench_id_03882,closedbook,What is Amcor's year end FY2020 net AR (in USD millions)? Address the question by adopting the perspective of a financial analyst who can only use the details shown within the balance sheet.,$1616.00,answer,0,520
fb-01935-oracle,financebench,financebench_id_01935,oracle,What was the key agenda of the AMCOR's 8k filing dated 1st July 2022?,"Amcor Finance (USA), Inc. and Amcor Flexibles North America, Inc., entered into supplemental indentures relating to Guaranteed Senior Notes due 2026 and 2028. This involved the substitution of the Substitute Issuer (Amcor Flexibles North America) for the Former Issuer (Amcor Finance) and the assumption of covenants under the indentures. (In essence a novation agreement)",answer,4999,5396
fb-01935-closedbook,financebench,financebench_id_01935,closedbook,What was the key agenda of the AMCOR's 8k filing dated 1st July 2022?,"Amcor Finance (USA), Inc. and Amcor Flexibles North America, Inc., entered into supplemental indentures relating to Guaranteed Senior Notes due 2026 and 2028. This involved the substitution of the Substitute Issuer (Amcor Flexibles North America) for the Former Issuer (Amcor Finance) and the assumption of covenants under the indentures. (In essence a novation agreement)",answer,0,399
fb-00799-oracle,financebench,financebench_id_00799,oracle,"Has AMCOR's quick ratio improved or declined between FY2023 and FY2022? If the quick ratio is not something that a financial analyst would ask about a company like this, then state that and explain why.",The quick ratio has slightly improved from 0.67 times to 0.69 times between FY 2023 and FY 2022.(3.4% jump),answer,2109,2639
fb-00799-closedbook,financebench,financebench_id_00799,closedbook,"Has AMCOR's quick ratio improved or declined between FY2023 and FY2022? If the quick ratio is not something that a financial analyst would ask about a company like this, then state that and explain why.",The quick ratio has slightly improved from 0.67 times to 0.69 times between FY 2023 and FY 2022.(3.4% jump),answer,0,532
fb-01079-oracle,financebench,financebench_id_01079,oracle,"What are major acquisitions that AMCOR has done in FY2023, FY2022 and FY2021?","Amcor completed these acquisitions during FY2023:
-100% equity interest of a flexibles manufacturing company in the Czech Republic
- 100% equity interest in a medical device packaging manufacturing site in
Shanghai, China.
-acquisition of a New Zealand-based leading manufacturer of state-of-the-art, automated protein
packaging machines.",answer,4607,5012
fb-01079-closedbook,financebench,financebench_id_01079,closedbook,"What are major acquisitions that AMCOR has done in FY2023, FY2022 and FY2021?","Amcor completed these acquisitions during FY2023:
-100% equity interest of a flexibles manufacturing company in the Czech Republic
- 100% equity interest in a medical device packaging manufacturing site in
Shanghai, China.
-acquisition of a New Zealand-based leading manufacturer of state-of-the-art, automated protein
packaging machines.",answer,0,407
fb-01148-oracle,financebench,financebench_id_01148,oracle,What industry does AMCOR primarily operate in?,Amcor is a global leader in packaging production for various use cases.,answer,3755,4129
fb-01148-closedbook,financebench,financebench_id_01148,closedbook,What industry does AMCOR primarily operate in?,Amcor is a global leader in packaging production for various use cases.,answer,0,376
fb-00684-oracle,financebench,financebench_id_00684,oracle,"Does AMCOR have an improving gross margin profile as of FY2023? If gross margin is not a useful metric for a company like this, then state that and explain why.",No. For AMCOR there has been a slight decline in gross margins by 0.8%.,answer,1181,1669
fb-00684-closedbook,financebench,financebench_id_00684,closedbook,"Does AMCOR have an improving gross margin profile as of FY2023? If gross margin is not a useful metric for a company like this, then state that and explain why.",No. For AMCOR there has been a slight decline in gross margins by 0.8%.,answer,0,490
fb-01936-oracle,financebench,financebench_id_01936,oracle,What is the nature & purpose of AMCOR's restructuring liability as oF Q2 of FY2023 close?,87% of the total restructuring liability is related Employee liabilities.,answer,1650,2067
fb-01936-closedbook,financebench,financebench_id_01936,closedbook,What is the nature & purpose of AMCOR's restructuring liability as oF Q2 of FY2023 close?,87% of the total restructuring liability is related Employee liabilities.,answer,0,419
fb-01928-oracle,financebench,financebench_id_01928,oracle,What Was AMCOR's Adjusted Non GAAP EBITDA for FY 2023,"AMCOR's Adj. EBITDA was $2,018mn in FY 2023",answer,3177,3558
fb-01928-closedbook,financebench,financebench_id_01928,closedbook,What Was AMCOR's Adjusted Non GAAP EBITDA for FY 2023,"AMCOR's Adj. EBITDA was $2,018mn in FY 2023",answer,0,383
fb-01930-oracle,financebench,financebench_id_01930,oracle,"How much was the Real change in Sales for AMCOR in FY 2023 vs FY 2022, if we exclude the impact of FX movement, passthrough costs and one-off items?",The Real Growth was flat in FY 2023 vs FY 2022.,answer,724,1200
fb-01930-closedbook,financebench,financebench_id_01930,closedbook,"How much was the Real change in Sales for AMCOR in FY 2023 vs FY 2022, if we exclude the impact of FX movement, passthrough costs and one-off items?",The Real Growth was flat in FY 2023 vs FY 2022.,answer,0,478
fb-03069-oracle,financebench,financebench_id_03069,oracle,"Answer the following question as if you are an equity research analyst and have lost internet connection so you do not have access to financial metric providers. According to the details clearly outlined within the P&L statement and the statement of cash flows, what is the FY2015 depreciation and amortization (D&A from cash flow statement) % margin for AMD?",4.2%,answer,3240,3927
fb-03069-closedbook,financebench,financebench_id_03069,closedbook,"Answer the following question as if you are an equity research analyst and have lost internet connection so you do not have access to financial metric providers. According to the details clearly outlined within the P&L statement and the statement of cash flows, what is the FY2015 depreciation and amortization (D&A from cash flow statement) % margin for AMD?",4.2%,answer,0,689
fb-00222-oracle,financebench,financebench_id_00222,oracle,"Does AMD have a reasonably healthy liquidity profile based on its quick ratio for FY22? If the quick ratio is not relevant to measure liquidity, please state that and explain why.","Yes. The quick ratio is 1.57, calculated as (cash and cash equivalents+Short term investments+Accounts receivable, net+receivables from related parties)/ (current liabilities).",answer,1771,2278
fb-00222-closedbook,financebench,financebench_id_00222,closedbook,"Does AMD have a reasonably healthy liquidity profile based on its quick ratio for FY22? If the quick ratio is not relevant to measure liquidity, please state that and explain why.","Yes. The quick ratio is 1.57, calculated as (cash and cash equivalents+Short term investments+Accounts receivable, net+receivables from related parties)/ (current liabilities).",answer,0,509
fb-00995-oracle,financebench,financebench_id_00995,oracle,What are the major products and services that AMD sells as of FY22?,"AMD sells server microprocessors (CPUs) and graphics processing units (GPUs), data processing units (DPUs), Field Programmable Gate Arrays (FPGAs), and Adaptive System-on-Chip (SoC) products for data centers; CPUs, accelerated processing units (APUs) that integrate CPUs and GPUs, and chipsets for desktop and notebook personal computers; discrete GPUs, and semi-custom SoC products and development services; and embedded CPUs, GPUs, APUs, FPGAs, and Adaptive SoC products.",answer,3918,4313
fb-00995-closedbook,financebench,financebench_id_00995,closedbook,What are the major products and services that AMD sells as of FY22?,"AMD sells server microprocessors (CPUs) and graphics processing units (GPUs), data processing units (DPUs), Field Programmable Gate Arrays (FPGAs), and Adaptive System-on-Chip (SoC) products for data centers; CPUs, accelerated processing units (APUs) that integrate CPUs and GPUs, and chipsets for desktop and notebook personal computers; discrete GPUs, and semi-custom SoC products and development services; and embedded CPUs, GPUs, APUs, FPGAs, and Adaptive SoC products.",answer,0,397
fb-01198-oracle,financebench,financebench_id_01198,oracle,What drove revenue change as of the FY22 for AMD?,"In 2022, AMD reported Higher sales of their EPYC server processors, higher semi-custom product sales, and the inclusion of Xilinx embedded product sales",answer,4864,5241
fb-01198-closedbook,financebench,financebench_id_01198,closedbook,What drove revenue change as of the FY22 for AMD?,"In 2022, AMD reported Higher sales of their EPYC server processors, higher semi-custom product sales, and the inclusion of Xilinx embedded product sales",answer,0,379
fb-00917-oracle,financebench,financebench_id_00917,oracle,"What drove operating margin change as of the FY22 for AMD? If operating margin is not a useful metric for a company like this, then please state that and explain why.",The decrease in AMD's operating income was primarily driven by amortization of intangible assets associated with the Xilinx acquisition,answer,4864,5358
fb-00917-closedbook,financebench,financebench_id_00917,closedbook,"What drove operating margin change as of the FY22 for AMD? If operating margin is not a useful metric for a company like this, then please state that and explain why.",The decrease in AMD's operating income was primarily driven by amortization of intangible assets associated with the Xilinx acquisition,answer,0,496
fb-01279-oracle,financebench,financebench_id_01279,oracle,"Among operations, investing, and financing activities, which brought in the most (or lost the least) cash flow for AMD in FY22?","In 2022, AMD brought in the most cashflow from Operations",answer,2271,2726
fb-01279-closedbook,financebench,financebench_id_01279,closedbook,"Among operations, investing, and financing activities, which brought in the most (or lost the least) cash flow for AMD in FY22?","In 2022, AMD brought in the most cashflow from Operations",answer,0,457
fb-00563-oracle,financebench,financebench_id_00563,oracle,"From FY21 to FY22, excluding Embedded, in which AMD reporting segment did sales proportionally increase the most?",Data Center,answer,2714,3155
fb-00563-closedbook,financebench,financebench_id_00563,closedbook,"From FY21 to FY22, excluding Embedded, in which AMD reporting segment did sales proportionally increase the most?",Data Center,answer,0,443
fb-00757-oracle,financebench,financebench_id_00757,oracle,Did AMD report customer concentration in FY22?,"Yes, one customer accounted for 16% of consolidated net revenue",answer,3617,3991
fb-00757-closedbook,financebench,financebench_id_00757,closedbook,Did AMD report customer concentration in FY22?,"Yes, one customer accounted for 16% of consolidated net revenue",answer,0,376
fb-00476-oracle,financebench,financebench_id_00476,oracle,Which debt securities are registered to trade on a national securities exchange under American Express' name as of 2022?,There are none,answer,4153,4601
fb-00476-closedbook,financebench,financebench_id_00476,closedbook,Which debt securities are registered to trade on a national securities exchange under American Express' name as of 2022?,There are none,answer,0,450
fb-01028-oracle,financebench,financebench_id_01028,oracle,What are the geographies that American Express primarily operates in as of 2022?,"United States, EMEA, APAC, and LACC",answer,1662,2070
fb-01028-closedbook,financebench,financebench_id_01028,closedbook,What are the geographies that American Express primarily operates in as of 2022?,"United States, EMEA, APAC, and LACC",answer,0,410
fb-00723-oracle,financebench,financebench_id_00723,oracle,"Does AMEX have an improving operating margin profile as of 2022? If operating margin is not a useful metric for a company like this, then state that and explain why.",Performance is not measured through operating margin,answer,2260,2753
fb-00723-closedbook,financebench,financebench_id_00723,closedbook,"Does AMEX have an improving operating margin profile as of 2022? If operating margin is not a useful metric for a company like this, then state that and explain why.",Performance is not measured through operating margin,answer,0,495
fb-00720-oracle,financebench,financebench_id_00720,oracle,"What drove gross margin change as of the FY2022 for American Express? If gross margin is not a useful metric for a company like this, then please state that and explain why.",Performance is not measured through gross margin,answer,2260,2761
fb-00720-closedbook,financebench,financebench_id_00720,closedbook,"What drove gross margin change as of the FY2022 for American Express? If gross margin is not a useful metric for a company like this, then please state that and explain why.",Performance is not measured through gross margin,answer,0,503
fb-01351-oracle,financebench,financebench_id_01351,oracle,How much has the effective tax rate of American Express changed between FY2021 and FY2022?,The effective tax rate for American Express has changed/dropped from 24.6% in FY 2021 to 21.6% in FY 2022.,answer,3001,3419
fb-01351-closedbook,financebench,financebench_id_01351,closedbook,How much has the effective tax rate of American Express changed between FY2021 and FY2022?,The effective tax rate for American Express has changed/dropped from 24.6% in FY 2021 to 21.6% in FY 2022.,answer,0,420
fb-01964-oracle,financebench,financebench_id_01964,oracle,What was the largest liability in American Express's Balance Sheet in 2022?,Customer deposits,answer,2444,2847
fb-01964-closedbook,financebench,financebench_id_01964,closedbook,What was the largest liability in American Express's Balance Sheet in 2022?,Customer deposits,answer,0,405
fb-01981-oracle,financebench,financebench_id_01981,oracle,Was American Express able to retain card members during 2022?,Yes,answer,4938,5327
fb-01981-closedbook,financebench,financebench_id_01981,closedbook,Was American Express able to retain card members during 2022?,Yes,answer,0,391
fb-05718-oracle,financebench,financebench_id_05718,oracle,How much (in USD billions) did American Water Works pay out in cash dividends for FY2020? Compute or extract the answer by primarily using the details outlined in the statement of cash flows.,$0.40,answer,2877,3396
fb-05718-closedbook,financebench,financebench_id_05718,closedbook,How much (in USD billions) did American Water Works pay out in cash dividends for FY2020? Compute or extract the answer by primarily using the details outlined in the statement of cash flows.,$0.40,answer,0,521
fb-04254-oracle,financebench,financebench_id_04254,oracle,"Basing your judgments off of the cash flow statement and the income statement, what is American Water Works's FY2021 unadjusted operating income + depreciation and amortization from the cash flow statement (unadjusted EBITDA) in USD millions?",$1832.00,answer,4348,4918
fb-04254-closedbook,financebench,financebench_id_04254,closedbook,"Basing your judgments off of the cash flow statement and the income statement, what is American Water Works's FY2021 unadjusted operating income + depreciation and amortization from the cash flow statement (unadjusted EBITDA) in USD millions?",$1832.00,answer,0,572
fb-00070-oracle,financebench,financebench_id_00070,oracle,"Does American Water Works have positive working capital based on FY2022 data? If working capital is not a useful or relevant metric for this company, then please state that and explain why.","No, American Water Works had negative working capital of -$1561M in FY 2022.",answer,2800,3317
fb-00070-closedbook,financebench,financebench_id_00070,closedbook,"Does American Water Works have positive working capital based on FY2022 data? If working capital is not a useful or relevant metric for this company, then please state that and explain why.","No, American Water Works had negative working capital of -$1561M in FY 2022.",answer,0,519
fb-02608-oracle,financebench,financebench_id_02608,oracle,"In agreement with the information outlined in the income statement, what is the FY2015 - FY2017 3 year average net profit margin (as a %) for Best Buy? Answer in units of percents and round to one decimal place.",2.8%,answer,1661,2200
fb-02608-closedbook,financebench,financebench_id_02608,closedbook,"In agreement with the information outlined in the income statement, what is the FY2015 - FY2017 3 year average net profit margin (as a %) for Best Buy? Answer in units of percents and round to one decimal place.",2.8%,answer,0,541
fb-04417-oracle,financebench,financebench_id_04417,oracle,What is the year end FY2019 total amount of inventories for Best Buy? Answer in USD millions. Base your judgments on the information provided primarily in the balance sheet.,$5409.00,answer,1628,2129
fb-04417-closedbook,financebench,financebench_id_04417,closedbook,What is the year end FY2019 total amount of inventories for Best Buy? Answer in USD millions. Base your judgments on the information provided primarily in the balance sheet.,$5409.00,answer,0,503
fb-00685-oracle,financebench,financebench_id_00685,oracle,"Are Best Buy's gross margins historically consistent (not fluctuating more than roughly 2% each year)? If gross margins are not a relevant metric for a company like this, then please state that and explain why.","Yes, the margins have been consistent, there has been a minor decline of 1.1% in gross margins between FY2022 and FY2023.",answer,1280,1818
fb-00685-closedbook,financebench,financebench_id_00685,closedbook,"Are Best Buy's gross margins historically consistent (not fluctuating more than roughly 2% each year)? If gross margins are not a relevant metric for a company like this, then please state that and explain why.","Yes, the margins have been consistent, there has been a minor decline of 1.1% in gross margins between FY2022 and FY2023.",answer,0,540
fb-01077-oracle,financebench,financebench_id_01077,oracle,"What are major acquisitions that Best Buy has done in FY2023, FY2022 and FY2021?","Best Buy closed two acquisitions, both these companies were already partially owned by Best Buy, but Best Buy acquired all outstanding shares of these two companies during FY 2022: (1) Current Health Ltd and (2) Two Peaks, LLC d/b/a Yardbird Furniture",answer,4721,5129
fb-01077-closedbook,financebench,financebench_id_01077,closedbook,"What are major acquisitions that Best Buy has done in FY2023, FY2022 and FY2021?","Best Buy closed two acquisitions, both these companies were already partially owned by Best Buy, but Best Buy acquired all outstanding shares of these two companies during FY 2022: (1) Current Health Ltd and (2) Two Peaks, LLC d/b/a Yardbird Furniture",answer,0,410
fb-01275-oracle,financebench,financebench_id_01275,oracle,"Among operations, investing, and financing activities, which brought in the most (or lost the least) cash flow for Best Buy in FY2023?",Best Buy generated the most cash flow from operating activities in FY 2023 ($1.8 bn),answer,2553,3015
fb-01275-closedbook,financebench,financebench_id_01275,closedbook,"Among operations, investing, and financing activities, which brought in the most (or lost the least) cash flow for Best Buy in FY2023?",Best Buy generated the most cash flow from operating activities in FY 2023 ($1.8 bn),answer,0,464
fb-00288-oracle,financebench,financebench_id_00288,oracle,Was there any drop in Cash & Cash equivalents between FY 2023 and Q2 of FY2024?,"Yes, there was a decline of ~42% between FY2023 and Q2 of FY 2024.",answer,4811,5218
fb-00288-closedbook,financebench,financebench_id_00288,closedbook,Was there any drop in Cash & Cash equivalents between FY 2023 and Q2 of FY2024?,"Yes, there was a decline of ~42% between FY2023 and Q2 of FY 2024.",answer,0,409
fb-00460-oracle,financebench,financebench_id_00460,oracle,Was there any change in the number of Best Buy stores between Q2 of FY2024 and FY2023?,"Yes, there is decline in number stores by 1.32% from 982 stores in Q2 FY 2023 to 969 by the end of Q2 FY2024.",answer,3591,4005
fb-00460-closedbook,financebench,financebench_id_00460,closedbook,Was there any change in the number of Best Buy stores between Q2 of FY2024 and FY2023?,"Yes, there is decline in number stores by 1.32% from 982 stores in Q2 FY 2023 to 969 by the end of Q2 FY2024.",answer,0,416
fb-01902-oracle,financebench,financebench_id_01902,oracle,Which Best Buy product category performed the best (by top line) in the domestic (USA) Market during Q2 of FY2024?,"The entertainment segment experienced the highest growth of 9% during Q2 FY2024, primarily from gaming division.",answer,4609,5051
fb-01902-closedbook,financebench,financebench_id_01902,closedbook,Which Best Buy product category performed the best (by top line) in the domestic (USA) Market during Q2 of FY2024?,"The entertainment segment experienced the highest growth of 9% during Q2 FY2024, primarily from gaming division.",answer,0,444
fb-04660-oracle,financebench,financebench_id_04660,oracle,"Considering the data in the balance sheet, what is Block's (formerly known as Square) FY2016 working capital ratio? Define working capital ratio as total current assets divided by total current liabilities. Round your answer to two decimal places.",1.73,answer,2005,2580
fb-04660-closedbook,financebench,financebench_id_04660,closedbook,"Considering the data in the balance sheet, what is Block's (formerly known as Square) FY2016 working capital ratio? Define working capital ratio as total current assets divided by total current liabilities. Round your answer to two decimal places.",1.73,answer,0,577
fb-03838-oracle,financebench,financebench_id_03838,oracle,What is the FY2019 - FY2020 total revenue growth rate for Block (formerly known as Square)? Answer in units of percents and round to one decimal place. Approach the question asked by assuming the standpoint of an investment banking analyst who only has access to the statement of income.,101.5%,answer,1622,2237
fb-03838-closedbook,financebench,financebench_id_03838,closedbook,What is the FY2019 - FY2020 total revenue growth rate for Block (formerly known as Square)? Answer in units of percents and round to one decimal place. Approach the question asked by assuming the standpoint of an investment banking analyst who only has access to the statement of income.,101.5%,answer,0,617
fb-07661-oracle,financebench,financebench_id_07661,oracle,"Using the cash flow statement, answer the following question to the best of your abilities: how much did Block (formerly known as Square) generate in cash flow from operating activities in FY2020? Answer in USD millions.",$382.00,answer,3178,3726
fb-07661-closedbook,financebench,financebench_id_07661,closedbook,"Using the cash flow statement, answer the following question to the best of your abilities: how much did Block (formerly known as Square) generate in cash flow from operating activities in FY2020? Answer in USD millions.",$382.00,answer,0,550
fb-10285-oracle,financebench,financebench_id_10285,oracle,"We need to calculate a financial metric by using information only provided within the balance sheet. Please answer the following question: what is Boeing's year end FY2018 net property, plant, and equipment (in USD millions)?",$12645.00,answer,1766,2319
fb-10285-closedbook,financebench,financebench_id_10285,closedbook,"We need to calculate a financial metric by using information only provided within the balance sheet. Please answer the following question: what is Boeing's year end FY2018 net property, plant, and equipment (in USD millions)?",$12645.00,answer,0,555
fb-00517-oracle,financebench,financebench_id_00517,oracle,Are there any product categories / service categories that represent more than 20% of Boeing's revenue for FY2022?,"Yes. Boeing has product and service categories that represent more than 20% of Boeing's revenue for FY2022. These categories are Commercial Airplanes which comprises 39% of total revenue, Defence which comprises 35% of total revenue and Services which comprises 26% of total revenue.",answer,1378,1820
fb-00517-closedbook,financebench,financebench_id_00517,closedbook,Are there any product categories / service categories that represent more than 20% of Boeing's revenue for FY2022?,"Yes. Boeing has product and service categories that represent more than 20% of Boeing's revenue for FY2022. These categories are Commercial Airplanes which comprises 39% of total revenue, Defence which comprises 35% of total revenue and Services which comprises 26% of total revenue.",answer,0,444
fb-01091-oracle,financebench,financebench_id_01091,oracle,Has Boeing reported any materially important ongoing legal battles from FY2022?,Yes. Multiple lawsuits have been filed against Boeing resulting from a 2018 Lion Air crash and a 2019 Ethiopian Airlines crash.,answer,4084,4491
fb-01091-closedbook,financebench,financebench_id_01091,closedbook,Has Boeing reported any materially important ongoing legal battles from FY2022?,Yes. Multiple lawsuits have been filed against Boeing resulting from a 2018 Lion Air crash and a 2019 Ethiopian Airlines crash.,answer,0,409
fb-00678-oracle,financebench,financebench_id_00678,oracle,"Does Boeing have an improving gross margin profile as of FY2022? If gross margin is not a useful metric for a company like this, then state that and explain why.","Yes. Boeing has an improving gross margin profile as of FY2022. Gross profit improved from $3,017 million in FY2021 to $3,502 million in FY2022. Gross margin % improved from 4.8% in FY2021 to 5.3% in FY2022.",answer,1306,1795
fb-00678-closedbook,financebench,financebench_id_00678,closedbook,"Does Boeing have an improving gross margin profile as of FY2022? If gross margin is not a useful metric for a company like this, then state that and explain why.","Yes. Boeing has an improving gross margin profile as of FY2022. Gross profit improved from $3,017 million in FY2021 to $3,502 million in FY2022. Gross margin % improved from 4.8% in FY2021 to 5.3% in FY2022.",answer,0,491
fb-01290-oracle,financebench,financebench_id_01290,oracle,Who are the primary customers of Boeing as of FY2022?,Boeing's primary customers as of FY2022 are a limited number of commercial airlines and the US government. The US government accounted for 40% of Boeing's total revenues in FY2022.,answer,12987,13368
fb-01290-closedbook,financebench,financebench_id_01290,closedbook,Who are the primary customers of Boeing as of FY2022?,Boeing's primary customers as of FY2022 are a limited number of commercial airlines and the US government. The US government accounted for 40% of Boeing's total revenues in FY2022.,answer,0,383
fb-00464-oracle,financebench,financebench_id_00464,oracle,Is Boeing's business subject to cyclicality?,"Yes, Boeing's business is subject to cyclicality due to its exposure to the airline industry which is a cyclical industry.",answer,4259,4631
fb-00464-closedbook,financebench,financebench_id_00464,closedbook,Is Boeing's business subject to cyclicality?,"Yes, Boeing's business is subject to cyclicality due to its exposure to the airline industry which is a cyclical industry.",answer,0,374
fb-00494-oracle,financebench,financebench_id_00494,oracle,What production rate changes is Boeing forecasting for FY2023?,"Boeing forecasts an increase in the production rates for the 737, 777X and 787 aircrafts in 2023.",answer,4620,5010
fb-00494-closedbook,financebench,financebench_id_00494,closedbook,What production rate changes is Boeing forecasting for FY2023?,"Boeing forecasts an increase in the production rates for the 737, 777X and 787 aircrafts in 2023.",answer,0,392
fb-00585-oracle,financebench,financebench_id_00585,oracle,How does Boeing's effective tax rate in FY2022 compare to FY2021?,"Effective tax rate in FY2022 was 0.62%, compared to  -14.76% in FY2021.",answer,1306,1699
fb-00585-closedbook,financebench,financebench_id_00585,closedbook,How does Boeing's effective tax rate in FY2022 compare to FY2021?,"Effective tax rate in FY2022 was 0.62%, compared to  -14.76% in FY2021.",answer,0,395
fb-03473-oracle,financebench,financebench_id_03473,oracle,What is the FY2017 return on assets (ROA) for Coca Cola? ROA is defined as: FY2017 net income / (average total assets between FY2016 and FY2017). Round your answer to two decimal places. Give a response to the question by relying on the details shown in the balance sheet and the P&L statement.,0.01,answer,4162,4784
fb-03473-closedbook,financebench,financebench_id_03473,closedbook,What is the FY2017 return on assets (ROA) for Coca Cola? ROA is defined as: FY2017 net income / (average total assets between FY2016 and FY2017). Round your answer to two decimal places. Give a response to the question by relying on the details shown in the balance sheet and the P&L statement.,0.01,answer,0,624
fb-09724-oracle,financebench,financebench_id_09724,oracle,What is Coca Cola's FY2021 COGS % margin? Calculate what was asked by utilizing the line items clearly shown in the income statement.,39.7%,answer,1272,1733
fb-09724-closedbook,financebench,financebench_id_09724,closedbook,What is Coca Cola's FY2021 COGS % margin? Calculate what was asked by utilizing the line items clearly shown in the income statement.,39.7%,answer,0,463
fb-06272-oracle,financebench,financebench_id_06272,oracle,What is Coca Cola's FY2022 dividend payout ratio (using total cash dividends paid and net income attributable to shareholders)? Round answer to two decimal places. Answer the question asked by assuming you only have access to information clearly displayed in the cash flow statement and the income statement.,0.8,answer,3770,4406
fb-06272-closedbook,financebench,financebench_id_06272,closedbook,What is Coca Cola's FY2022 dividend payout ratio (using total cash dividends paid and net income attributable to shareholders)? Round answer to two decimal places. Answer the question asked by assuming you only have access to information clearly displayed in the cash flow statement and the income statement.,0.8,answer,0,638
fb-10130-oracle,financebench,financebench_id_10130,oracle,"Based on the information provided primarily in the balance sheet and the statement of income, what is FY2020 days payable outstanding (DPO) for Corning? DPO is defined as: 365 * (average accounts payable between FY2019 and FY2020) / (FY2020 COGS + change in inventory between FY2019 and FY2020). Round your answer to two decimal places.",63.86,answer,3230,3894
fb-10130-closedbook,financebench,financebench_id_10130,closedbook,"Based on the information provided primarily in the balance sheet and the statement of income, what is FY2020 days payable outstanding (DPO) for Corning? DPO is defined as: 365 * (average accounts payable between FY2019 and FY2020) / (FY2020 COGS + change in inventory between FY2019 and FY2020). Round your answer to two decimal places.",63.86,answer,0,666
fb-02981-oracle,financebench,financebench_id_02981,oracle,"Taking into account the information outlined in the income statement, what is the FY2019 - FY2021 3 year average unadjusted operating income % margin for Corning? Answer in units of percents and round to one decimal place.",10.3%,answer,1783,2333
fb-02981-closedbook,financebench,financebench_id_02981,closedbook,"Taking into account the information outlined in the income statement, what is the FY2019 - FY2021 3 year average unadjusted operating income % margin for Corning? Answer in units of percents and round to one decimal place.",10.3%,answer,0,552
fb-01346-oracle,financebench,financebench_id_01346,oracle,How much has the effective tax rate of Corning changed between FY2021 and FY2022?,The effective tax rate of Corning has changed from 20% in FY2021 to 23% in FY 2022.,answer,3034,3443
fb-01346-closedbook,financebench,financebench_id_01346,closedbook,How much has the effective tax rate of Corning changed between FY2021 and FY2022?,The effective tax rate of Corning has changed from 20% in FY2021 to 23% in FY 2022.,answer,0,411
fb-00005-oracle,financebench,financebench_id_00005,oracle,"Does Corning have positive working capital based on FY2022 data? If working capital is not a useful or relevant metric for this company, then please state that and explain why.",Yes. Corning had a positive working capital amount of $831 million by FY 2022 close. This answer considers only operating current assets and current liabilities that were clearly shown in the balance sheet.,answer,2065,2569
fb-00005-closedbook,financebench,financebench_id_00005,closedbook,"Does Corning have positive working capital based on FY2022 data? If working capital is not a useful or relevant metric for this company, then please state that and explain why.",Yes. Corning had a positive working capital amount of $831 million by FY 2022 close. This answer considers only operating current assets and current liabilities that were clearly shown in the balance sheet.,answer,0,506
fb-04209-oracle,financebench,financebench_id_04209,oracle,"Using only the information within the balance sheet, how much total assets did Costco have at the end of FY2021? Answer in USD millions.",$59268.00,answer,1756,2220
fb-04209-closedbook,financebench,financebench_id_04209,closedbook,"Using only the information within the balance sheet, how much total assets did Costco have at the end of FY2021? Answer in USD millions.",$59268.00,answer,0,466
fb-05915-oracle,financebench,financebench_id_05915,oracle,What is the FY2018 fixed asset turnover ratio for CVS Health? Fixed asset turnover ratio is defined as: FY2018 revenue / (average PP&E between FY2017 and FY2018). Round your answer to two decimal places. Calculate what was asked by utilizing the line items clearly shown in the P&L statement and the balance sheet.,17.98,answer,3635,4277
fb-05915-closedbook,financebench,financebench_id_05915,closedbook,What is the FY2018 fixed asset turnover ratio for CVS Health? Fixed asset turnover ratio is defined as: FY2018 revenue / (average PP&E between FY2017 and FY2018). Round your answer to two decimal places. Calculate what was asked by utilizing the line items clearly shown in the P&L statement and the balance sheet.,17.98,answer,0,644
fb-00790-oracle,financebench,financebench_id_00790,oracle,Is CVS Health a capital-intensive business based on FY2022 data?,"Yes, CVS Health requires an extensive asset base to operate, which is evident from its ROA of only 1.82% in 2022 and 3.39% in 2021, though it should be noted that a significant portion of this asset base is goodwill, and CVS's fixed assets/total assets ratio is on the lower side of 5.6%.",answer,4220,4612
fb-00790-closedbook,financebench,financebench_id_00790,closedbook,Is CVS Health a capital-intensive business based on FY2022 data?,"Yes, CVS Health requires an extensive asset base to operate, which is evident from its ROA of only 1.82% in 2022 and 3.39% in 2021, though it should be noted that a significant portion of this asset base is goodwill, and CVS's fixed assets/total assets ratio is on the lower side of 5.6%.",answer,0,394
fb-01107-oracle,financebench,financebench_id_01107,oracle,"Has CVS Health reported any materially important ongoing legal battles from 2022, 2021 and 2020?","Yes, CVS Health has been involved in multiple ongoing legal battles. Some notable legal dispute areas for CVS are: (1) usual and customary pricing litigation: where it's claimed that CVSâs retail pharmacies overcharged for prescription drugs; (2) PBM litigation and investigations: where it's claimed that that rebate agreements between the drug manufacturers and PBMs caused inflated prices for certain drug products; and (3) controlled substances litigation: legal matters around opioids for which CVS has agreed to pay up to $4.3 billion to claimants in remediation and $625 million to attorneys and fees",answer,10608,11032
fb-01107-closedbook,financebench,financebench_id_01107,closedbook,"Has CVS Health reported any materially important ongoing legal battles from 2022, 2021 and 2020?","Yes, CVS Health has been involved in multiple ongoing legal battles. Some notable legal dispute areas for CVS are: (1) usual and customary pricing litigation: where it's claimed that CVSâs retail pharmacies overcharged for prescription drugs; (2) PBM litigation and investigations: where it's claimed that that rebate agreements between the drug manufacturers and PBMs caused inflated prices for certain drug products; and (3) controlled substances litigation: legal matters around opioids for which CVS has agreed to pay up to $4.3 billion to claimants in remediation and $625 million to attorneys and fees",answer,0,426
fb-01244-oracle,financebench,financebench_id_01244,oracle,Has CVS Health paid dividends to common shareholders in Q2 of FY2022?,"Yes, CVS paid a $ 0.55 dividend per share every quarter in FY2022",answer,3761,4158
fb-01244-closedbook,financebench,financebench_id_01244,closedbook,Has CVS Health paid dividends to common shareholders in Q2 of FY2022?,"Yes, CVS paid a $ 0.55 dividend per share every quarter in FY2022",answer,0,399
fb-00839-oracle,financebench,financebench_id_00839,oracle,Does Foot Locker's new CEO have previous CEO experience in a similar company to Footlocker?,Yes. She was previous CEO of Ulta Beauty which means she had to manage a large retail company that has brick and mortar + online business. So yes she was a CEO in a similar company to Foot Locker before this.,answer,5495,5914
fb-00839-closedbook,financebench,financebench_id_00839,closedbook,Does Foot Locker's new CEO have previous CEO experience in a similar company to Footlocker?,Yes. She was previous CEO of Ulta Beauty which means she had to manage a large retail company that has brick and mortar + online business. So yes she was a CEO in a similar company to Foot Locker before this.,answer,0,421
fb-00822-oracle,financebench,financebench_id_00822,oracle,Were there any board member nominees who had substantially more votes against joining than the other nominees?,"Yes, his name is Richard A. Johnson",answer,3310,3748
fb-00822-closedbook,financebench,financebench_id_00822,closedbook,Were there any board member nominees who had substantially more votes against joining than the other nominees?,"Yes, his name is Richard A. Johnson",answer,0,440
fb-04103-oracle,financebench,financebench_id_04103,oracle,What is the FY2019 cash conversion cycle (CCC) for General Mills? CCC is defined as: DIO + DSO - DPO. DIO is defined as: 365 * (average inventory between FY2018 and FY2019) / (FY2019 COGS). DSO is defined as: 365 * (average accounts receivable between FY2018 and FY2019) / (FY2019 Revenue). DPO is defined as: 365 * (average accounts payable between FY2018 and FY2019) / (FY2019 COGS + change in inventory between FY2018 and FY2019). Round your answer to two decimal places. Address the question by using the line items and information shown within the income statement and the balance sheet.,-3.7,answer,3457,4377
fb-04103-closedbook,financebench,financebench_id_04103,closedbook,What is the FY2019 cash conversion cycle (CCC) for General Mills? CCC is defined as: DIO + DSO - DPO. DIO is defined as: 365 * (average inventory between FY2018 and FY2019) / (FY2019 COGS). DSO is defined as: 365 * (average accounts receivable between FY2018 and FY2019) / (FY2019 Revenue). DPO is defined as: 365 * (average accounts payable between FY2018 and FY2019) / (FY2019 COGS + change in inventory between FY2018 and FY2019). Round your answer to two decimal places. Address the question by using the line items and information shown within the income statement and the balance sheet.,-3.7,answer,0,922
fb-03471-oracle,financebench,financebench_id_03471,oracle,"By drawing conclusions from the information stated only in the statement of financial position, what is General Mills's FY2020 working capital ratio? Define working capital ratio as total current assets divided by total current liabilities. Round your answer to two decimal places.",0.68,answer,1668,2277
fb-03471-closedbook,financebench,financebench_id_03471,closedbook,"By drawing conclusions from the information stated only in the statement of financial position, what is General Mills's FY2020 working capital ratio? Define working capital ratio as total current assets divided by total current liabilities. Round your answer to two decimal places.",0.68,answer,0,611
fb-04854-oracle,financebench,financebench_id_04854,oracle,"According to the information provided in the statement of cash flows, what is the FY2020 free cash flow (FCF) for General Mills? FCF here is defined as: (cash from operations - capex). Answer in USD millions.",$3215.00,answer,3149,3685
fb-04854-closedbook,financebench,financebench_id_04854,closedbook,"According to the information provided in the statement of cash flows, what is the FY2020 free cash flow (FCF) for General Mills? FCF here is defined as: (cash from operations - capex). Answer in USD millions.",$3215.00,answer,0,538
fb-10136-oracle,financebench,financebench_id_10136,oracle,We want to calculate a financial metric. Please help us compute it by basing your answers off of the cash flow statement and the income statement. Here's the question: what is the FY2022 retention ratio (using total cash dividends paid and net income attributable to shareholders) for General Mills? Round answer to two decimal places.,0.54,answer,4305,4968
fb-10136-closedbook,financebench,financebench_id_10136,closedbook,We want to calculate a financial metric. Please help us compute it by basing your answers off of the cash flow statement and the income statement. Here's the question: what is the FY2022 retention ratio (using total cash dividends paid and net income attributable to shareholders) for General Mills? Round answer to two decimal places.,0.54,answer,0,665
fb-00956-oracle,financebench,financebench_id_00956,oracle,Are JnJ's FY2022 financials that of a high growth company?,"No, JnJ's FY2022 financials are not of a high growth company as sales grew by 1.3% in FY2022.",answer,2305,2691
fb-00956-closedbook,financebench,financebench_id_00956,closedbook,Are JnJ's FY2022 financials that of a high growth company?,"No, JnJ's FY2022 financials are not of a high growth company as sales grew by 1.3% in FY2022.",answer,0,388
fb-00669-oracle,financebench,financebench_id_00669,oracle,"What drove gross margin change as of FY2022 for JnJ? If gross margin is not a useful metric for a company like this, then please state that and explain why.","For FY22, JnJ had changes in gross margin due to: One-time COVID-19 vaccine manufacturing exit related costs, Currency impacts in the Pharmaceutical segment, Commodity inflation in the MedTech and Consumer Health segments, partially offset by Supply chain benefits in the Consumer Health segment.",answer,1045,1529
fb-00669-closedbook,financebench,financebench_id_00669,closedbook,"What drove gross margin change as of FY2022 for JnJ? If gross margin is not a useful metric for a company like this, then please state that and explain why.","For FY22, JnJ had changes in gross margin due to: One-time COVID-19 vaccine manufacturing exit related costs, Currency impacts in the Pharmaceutical segment, Commodity inflation in the MedTech and Consumer Health segments, partially offset by Supply chain benefits in the Consumer Health segment.",answer,0,486
fb-00711-oracle,financebench,financebench_id_00711,oracle,Roughly how many times has JnJ sold its inventory in FY2022? Calculate inventory turnover ratio for FY2022; if conventional inventory management is not meaningful for the company then state that and explain why.,JnJ sold its inventory 2.7 times in FY2022.,answer,3247,3786
fb-00711-closedbook,financebench,financebench_id_00711,closedbook,Roughly how many times has JnJ sold its inventory in FY2022? Calculate inventory turnover ratio for FY2022; if conventional inventory management is not meaningful for the company then state that and explain why.,JnJ sold its inventory 2.7 times in FY2022.,answer,0,541
fb-00651-oracle,financebench,financebench_id_00651,oracle,Is growth in JnJ's adjusted EPS expected to accelerate in FY2023?,"No, rate of growth in adjusted EPS is expected to decelerate slightly from 3.6% in FY2022 to 3.5% in FY2023.",answer,1987,2380
fb-00651-closedbook,financebench,financebench_id_00651,closedbook,Is growth in JnJ's adjusted EPS expected to accelerate in FY2023?,"No, rate of growth in adjusted EPS is expected to decelerate slightly from 3.6% in FY2022 to 3.5% in FY2023.",answer,0,395
fb-01484-oracle,financebench,financebench_id_01484,oracle,How did JnJ's US sales growth compare to international sales growth in FY2022?,US sales increased 3.0% vs international sales decline of 0.6%.,answer,1990,2396
fb-01484-closedbook,financebench,financebench_id_01484,closedbook,How did JnJ's US sales growth compare to international sales growth in FY2022?,US sales increased 3.0% vs international sales decline of 0.6%.,answer,0,408
fb-01488-oracle,financebench,financebench_id_01488,oracle,"Which business segment of JnJ will be treated as a discontinued operation from August 30, 2023 onward?","The Consumer Health business segment will be treated as a discontinued operation from August 30, 2023 onward.",answer,2348,2778
fb-01488-closedbook,financebench,financebench_id_01488,closedbook,"Which business segment of JnJ will be treated as a discontinued operation from August 30, 2023 onward?","The Consumer Health business segment will be treated as a discontinued operation from August 30, 2023 onward.",answer,0,432
fb-01490-oracle,financebench,financebench_id_01490,oracle,"What is the amount of the gain accruing to JnJ as a result of the separation of its Consumer Health business segment, as of August 30, 2023?",JnJ will make a gain of approximately $20 billion from the separation of its Consumer Health business segment.,answer,2348,2816
fb-01490-closedbook,financebench,financebench_id_01490,closedbook,"What is the amount of the gain accruing to JnJ as a result of the separation of its Consumer Health business segment, as of August 30, 2023?",JnJ will make a gain of approximately $20 billion from the separation of its Consumer Health business segment.,answer,0,470
fb-01491-oracle,financebench,financebench_id_01491,oracle,"What is the amount of the cash proceeds that JnJ realised from the separation of Kenvue (formerly Consumer Health business segment), as of August 30, 2023?",JnJ realised $13.2 billion in cash proceeds from the separation of Kenvue.,answer,2348,2831
fb-01491-closedbook,financebench,financebench_id_01491,closedbook,"What is the amount of the cash proceeds that JnJ realised from the separation of Kenvue (formerly Consumer Health business segment), as of August 30, 2023?",JnJ realised $13.2 billion in cash proceeds from the separation of Kenvue.,answer,0,485
fb-01487-oracle,financebench,financebench_id_01487,oracle,Did JnJ's net earnings as a percent of sales increase in Q2 of FY2023 compared to Q2 of FY2022?,"Yes, net earnings as a percent of sales increased from 20% in Q2 of FY2022 to 20.1% in Q2 of FY2023.",answer,1611,2034
fb-01487-closedbook,financebench,financebench_id_01487,closedbook,Did JnJ's net earnings as a percent of sales increase in Q2 of FY2023 compared to Q2 of FY2022?,"Yes, net earnings as a percent of sales increased from 20% in Q2 of FY2022 to 20.1% in Q2 of FY2023.",answer,0,425
fb-00299-oracle,financebench,financebench_id_00299,oracle,Which of JPM's business segments had the lowest net revenue in 2021 Q1?,Corporate. Its net revenue was -$473 million.,answer,1673,2072
fb-00299-closedbook,financebench,financebench_id_00299,closedbook,Which of JPM's business segments had the lowest net revenue in 2021 Q1?,Corporate. Its net revenue was -$473 million.,answer,0,401
fb-02119-oracle,financebench,financebench_id_02119,oracle,"If JPM went bankrupted by the end by 2021 Q1 and liquidated all of its assets to pay its shareholders, how much could each shareholder get?",They could receive $66.56 per share.,answer,2311,2778
fb-02119-closedbook,financebench,financebench_id_02119,closedbook,"If JPM went bankrupted by the end by 2021 Q1 and liquidated all of its assets to pay its shareholders, how much could each shareholder get?",They could receive $66.56 per share.,answer,0,469
fb-00206-oracle,financebench,financebench_id_00206,oracle,"Are JPM's gross margins historically consistent (not fluctuating more than roughly 2% each year)? If gross margins are not a relevant metric for a company like this, then please state that and explain why.","Since JPM is a financial institution, gross margin is not a relevant metric.",answer,5254,5787
fb-00206-closedbook,financebench,financebench_id_00206,closedbook,"Are JPM's gross margins historically consistent (not fluctuating more than roughly 2% each year)? If gross margins are not a relevant metric for a company like this, then please state that and explain why.","Since JPM is a financial institution, gross margin is not a relevant metric.",answer,0,535
fb-00394-oracle,financebench,financebench_id_00394,oracle,"In 2022 Q2, which of JPM's business segments had the highest net income?",Corporate & Investment Bank. Its net income was $3725 million.,answer,3324,3724
fb-00394-closedbook,financebench,financebench_id_00394,closedbook,"In 2022 Q2, which of JPM's business segments had the highest net income?",Corporate & Investment Bank. Its net income was $3725 million.,answer,0,402
fb-02049-oracle,financebench,financebench_id_02049,oracle,"Looking at VaR, did the risk that JPM faced in the second fiscal quarter of 2023 decrease compared to the same period in the prior year?",Yes. It decreased.,answer,3785,4249
fb-02049-closedbook,financebench,financebench_id_02049,closedbook,"Looking at VaR, did the risk that JPM faced in the second fiscal quarter of 2023 decrease compared to the same period in the prior year?",Yes. It decreased.,answer,0,466
fb-10499-oracle,financebench,financebench_id_10499,oracle,What is Kraft Heinz's FY2019 inventory turnover ratio? Inventory turnover ratio is defined as: (FY2019 COGS) / (average inventory between FY2018 and FY2019). Round your answer to two decimal places. Please base your judgments on the information provided primarily in the balance sheet and the P&L statement.,6.25,answer,3115,3750
fb-10499-closedbook,financebench,financebench_id_10499,closedbook,What is Kraft Heinz's FY2019 inventory turnover ratio? Inventory turnover ratio is defined as: (FY2019 COGS) / (average inventory between FY2018 and FY2019). Round your answer to two decimal places. Please base your judgments on the information provided primarily in the balance sheet and the P&L statement.,6.25,answer,0,637
fb-04412-oracle,financebench,financebench_id_04412,oracle,"We need to calculate a reasonable approximation (or exact number if possible) of a financial metric. Basing your judgment by information plainly provided in the balance sheet and the P&L statement, what is Lockheed Martin's FY2020 asset turnover ratio? Asset turnover ratio is defined as: FY2020 revenue / (average total assets between FY2019 and FY2020). Round your answer to two decimal places.",1.33,answer,2864,3588
fb-04412-closedbook,financebench,financebench_id_04412,closedbook,"We need to calculate a reasonable approximation (or exact number if possible) of a financial metric. Basing your judgment by information plainly provided in the balance sheet and the P&L statement, what is Lockheed Martin's FY2020 asset turnover ratio? Asset turnover ratio is defined as: FY2020 revenue / (average total assets between FY2019 and FY2020). Round your answer to two decimal places.",1.33,answer,0,726
fb-03031-oracle,financebench,financebench_id_03031,oracle,What is Lockheed Martin's FY2021 net working capital? Define net working capital as total current assets less total current liabilities. Answer in USD millions. Respond to the question by assuming the perspective of an investment analyst who can only use the details shown within the balance sheet.,$5818.00,answer,1464,2090
fb-03031-closedbook,financebench,financebench_id_03031,closedbook,What is Lockheed Martin's FY2021 net working capital? Define net working capital as total current assets less total current liabilities. Answer in USD millions. Respond to the question by assuming the perspective of an investment analyst who can only use the details shown within the balance sheet.,$5818.00,answer,0,628
fb-03718-oracle,financebench,financebench_id_03718,oracle,What is Lockheed Martin's 2 year total revenue CAGR from FY2020 to FY2022 (in units of percents and round to one decimal place)? Provide a response to the question by primarily using the statement of income.,0.4%,answer,1533,2068
fb-03718-closedbook,financebench,financebench_id_03718,closedbook,What is Lockheed Martin's 2 year total revenue CAGR from FY2020 to FY2022 (in units of percents and round to one decimal place)? Provide a response to the question by primarily using the statement of income.,0.4%,answer,0,537
fb-04171-oracle,financebench,financebench_id_04171,oracle,"Basing your judgments off of the balance sheet, what is the year end FY2018 amount of accounts payable for MGM Resorts? Answer in USD millions.",$303.00,answer,2069,2540
fb-04171-closedbook,financebench,financebench_id_04171,closedbook,"Basing your judgments off of the balance sheet, what is the year end FY2018 amount of accounts payable for MGM Resorts? Answer in USD millions.",$303.00,answer,0,473
fb-03849-oracle,financebench,financebench_id_03849,oracle,What is the FY2018 - FY2020 3 year average of capex as a % of revenue for MGM Resorts? Answer in units of percents and round to one decimal place. Please utilize information provided primarily within the statement of cash flows and the statement of income.,7.9%,answer,5952,6536
fb-03849-closedbook,financebench,financebench_id_03849,closedbook,What is the FY2018 - FY2020 3 year average of capex as a % of revenue for MGM Resorts? Answer in units of percents and round to one decimal place. Please utilize information provided primarily within the statement of cash flows and the statement of income.,7.9%,answer,0,586
fb-01254-oracle,financebench,financebench_id_01254,oracle,Has MGM Resorts paid dividends to common shareholders in FY2022?,Yes. MGM maintained 0.01$ per share annual dividend through out FY 2022.,answer,2807,3199
fb-01254-closedbook,financebench,financebench_id_01254,closedbook,Has MGM Resorts paid dividends to common shareholders in FY2022?,Yes. MGM maintained 0.01$ per share annual dividend through out FY 2022.,answer,0,394
fb-00382-oracle,financebench,financebench_id_00382,oracle,Which region had the Highest EBITDAR Contribution for MGM during FY2022?,Las Vegas resorts contributed ~90% of company level EBITDAR during FY2022.,answer,2320,2720
fb-00382-closedbook,financebench,financebench_id_00382,closedbook,Which region had the Highest EBITDAR Contribution for MGM during FY2022?,Las Vegas resorts contributed ~90% of company level EBITDAR during FY2022.,answer,0,402
fb-01911-oracle,financebench,financebench_id_01911,oracle,What was MGM's interest coverage ratio using FY2022 Adjusted EBIT as the numerator and annual Interest Expense as the denominator?,"As adjusted EBIT is negative, coverage ratio is zero",answer,3232,3690
fb-01911-closedbook,financebench,financebench_id_01911,closedbook,What was MGM's interest coverage ratio using FY2022 Adjusted EBIT as the numerator and annual Interest Expense as the denominator?,"As adjusted EBIT is negative, coverage ratio is zero",answer,0,460
fb-01912-oracle,financebench,financebench_id_01912,oracle,Which region had the worst topline performance for MGM during FY2022?,MGM China experienced the worst topline performance amongst the other regions presented. Its revenue declined 44% in FY2022 whereas the other regions presented increased their revenues.,answer,4937,5334
fb-01912-closedbook,financebench,financebench_id_01912,closedbook,Which region had the worst topline performance for MGM during FY2022?,MGM China experienced the worst topline performance amongst the other regions presented. Its revenue declined 44% in FY2022 whereas the other regions presented increased their revenues.,answer,0,399
fb-00407-oracle,financebench,financebench_id_00407,oracle,Which type of debt received the largest investment among the short term investments for MGM in H1 FY2023?,the biggest short term investment is in corporate bonds (almost 82% of the total investment),answer,3462,3895
fb-00407-closedbook,financebench,financebench_id_00407,closedbook,Which type of debt received the largest investment among the short term investments for MGM in H1 FY2023?,the biggest short term investment is in corporate bonds (almost 82% of the total investment),answer,0,435
fb-04700-oracle,financebench,financebench_id_04700,oracle,What is the FY2016 COGS for Microsoft? Please state answer in USD millions. Provide a response to the question by primarily using the statement of income.,$32780.00,answer,1432,1914
fb-04700-closedbook,financebench,financebench_id_04700,closedbook,What is the FY2016 COGS for Microsoft? Please state answer in USD millions. Provide a response to the question by primarily using the statement of income.,$32780.00,answer,0,484
fb-00552-oracle,financebench,financebench_id_00552,oracle,Has Microsoft increased its debt on balance sheet between FY2023 and the FY2022 period?,No. Microsoft decreased its debt by $2.5bn in FY 2023 vs FY 2022.,answer,2136,2551
fb-00552-closedbook,financebench,financebench_id_00552,closedbook,Has Microsoft increased its debt on balance sheet between FY2023 and the FY2022 period?,No. Microsoft decreased its debt by $2.5bn in FY 2023 vs FY 2022.,answer,0,417
fb-04458-oracle,financebench,financebench_id_04458,oracle,We want to calculate a financial metric. Please help us compute it by basing your answers off of the statement of income and the statement of cash flows. Here's the question: what is the FY2015 unadjusted EBITDA % margin for Netflix? Calculate unadjusted EBITDA using unadjusted operating income and D&A (from cash flow statement).,5.4%,answer,3948,4607
fb-04458-closedbook,financebench,financebench_id_04458,closedbook,We want to calculate a financial metric. Please help us compute it by basing your answers off of the statement of income and the statement of cash flows. Here's the question: what is the FY2015 unadjusted EBITDA % margin for Netflix? Calculate unadjusted EBITDA using unadjusted operating income and D&A (from cash flow statement).,5.4%,answer,0,661
fb-03282-oracle,financebench,financebench_id_03282,oracle,What is Netflix's year end FY2017 total current liabilities (in USD millions)? Base your judgments on the information provided primarily in the balance sheet.,$5466.00,answer,1812,2298
fb-03282-closedbook,financebench,financebench_id_03282,closedbook,What is Netflix's year end FY2017 total current liabilities (in USD millions)? Base your judgments on the information provided primarily in the balance sheet.,$5466.00,answer,0,488
fb-04302-oracle,financebench,financebench_id_04302,oracle,"We need to calculate a reasonable approximation (or exact number if possible) of a financial metric. Basing your judgment by information plainly provided in the statement of income, what is Nike's three year average of cost of goods sold as a % of revenue from FY2016 to FY2018? Answer in units of percents and round to one decimal place.",55.1%,answer,920,1586
fb-04302-closedbook,financebench,financebench_id_04302,closedbook,"We need to calculate a reasonable approximation (or exact number if possible) of a financial metric. Basing your judgment by information plainly provided in the statement of income, what is Nike's three year average of cost of goods sold as a % of revenue from FY2016 to FY2018? Answer in units of percents and round to one decimal place.",55.1%,answer,0,668
fb-03531-oracle,financebench,financebench_id_03531,oracle,"According to the details clearly outlined within the balance sheet, how much total current assets did Nike have at the end of FY2019? Answer in USD millions.",$16525.00,answer,1455,1940
fb-03531-closedbook,financebench,financebench_id_03531,closedbook,"According to the details clearly outlined within the balance sheet, how much total current assets did Nike have at the end of FY2019? Answer in USD millions.",$16525.00,answer,0,487
fb-04080-oracle,financebench,financebench_id_04080,oracle,"When primarily referencing the income statement and the statement of financial position, what is the FY2021 inventory turnover ratio for Nike? Inventory turnover ratio is defined as: (FY2021 COGS) / (average inventory between FY2020 and FY2021). Round your answer to two decimal places.",3.46,answer,2574,3188
fb-04080-closedbook,financebench,financebench_id_04080,closedbook,"When primarily referencing the income statement and the statement of financial position, what is the FY2021 inventory turnover ratio for Nike? Inventory turnover ratio is defined as: (FY2021 COGS) / (average inventory between FY2020 and FY2021). Round your answer to two decimal places.",3.46,answer,0,616
fb-01163-oracle,financebench,financebench_id_01163,oracle,"Among operations, investing, and financing activities, which brought in the most (or lost the least) cash flow for Nike in FY2023?","Among the three, cash flow from operations was the highest for Nike in FY2023.",answer,2615,3073
fb-01163-closedbook,financebench,financebench_id_01163,closedbook,"Among operations, investing, and financing activities, which brought in the most (or lost the least) cash flow for Nike in FY2023?","Among the three, cash flow from operations was the highest for Nike in FY2023.",answer,0,460
fb-00080-oracle,financebench,financebench_id_00080,oracle,"Does Paypal have positive working capital based on FY2022 data? If working capital is not a useful or relevant metric for this company, then please state that and explain why.",Yes. Paypal has a positive working capital of $ 1.6Bn as of FY2022 end.,answer,1822,2325
fb-00080-closedbook,financebench,financebench_id_00080,closedbook,"Does Paypal have positive working capital based on FY2022 data? If working capital is not a useful or relevant metric for this company, then please state that and explain why.",Yes. Paypal has a positive working capital of $ 1.6Bn as of FY2022 end.,answer,0,505
fb-04980-oracle,financebench,financebench_id_04980,oracle,What is the FY2021 capital expenditure amount (in USD billions) for PepsiCo? Respond to the question by assuming the perspective of an investment analyst who can only use the details shown within the statement of cash flows.,$4.60,answer,1965,2517
fb-04980-closedbook,financebench,financebench_id_04980,closedbook,What is the FY2021 capital expenditure amount (in USD billions) for PepsiCo? Respond to the question by assuming the perspective of an investment analyst who can only use the details shown within the statement of cash flows.,$4.60,answer,0,554
fb-01009-oracle,financebench,financebench_id_01009,oracle,What are the geographies that Pepsico primarily operates in as of FY2022?,"As of FY2022, Pepsico primarily operates in the following geographies: North America, Latin America, Europe, Africa, Middle East, South Asia, Asia Pacific, Australia, New Zealand and China.",answer,7493,7894
fb-01009-closedbook,financebench,financebench_id_01009,closedbook,What are the geographies that Pepsico primarily operates in as of FY2022?,"As of FY2022, Pepsico primarily operates in the following geographies: North America, Latin America, Europe, Africa, Middle East, South Asia, Asia Pacific, Australia, New Zealand and China.",answer,0,403
fb-00735-oracle,financebench,financebench_id_00735,oracle,Has Pepsico reported any materially important ongoing legal battles from FY2022 and FY2021?,"No, Pepsico is not involved in material legal battles.",answer,2802,3221
fb-00735-closedbook,financebench,financebench_id_00735,closedbook,Has Pepsico reported any materially important ongoing legal battles from FY2022 and FY2021?,"No, Pepsico is not involved in material legal battles.",answer,0,421
fb-01328-oracle,financebench,financebench_id_01328,oracle,What is the quantity of restructuring costs directly outlined in Pepsico's income statements for FY2022? If restructuring costs are not explicitly outlined then state 0.,Pepsico's restructuring costs in FY2022 amounted to $411 million .,answer,2788,3285
fb-01328-closedbook,financebench,financebench_id_01328,closedbook,What is the quantity of restructuring costs directly outlined in Pepsico's income statements for FY2022? If restructuring costs are not explicitly outlined then state 0.,Pepsico's restructuring costs in FY2022 amounted to $411 million .,answer,0,499
fb-03620-oracle,financebench,financebench_id_03620,oracle,What is the FY2022 unadjusted EBITDA less capex for PepsiCo? Define unadjusted EBITDA as unadjusted operating income + depreciation and amortization [from cash flow statement]. Answer in USD millions. Respond to the question by assuming the perspective of an investment analyst who can only use the details shown within the statement of cash flows and the income statement.,$9068.00,answer,3372,4073
fb-03620-closedbook,financebench,financebench_id_03620,closedbook,What is the FY2022 unadjusted EBITDA less capex for PepsiCo? Define unadjusted EBITDA as unadjusted operating income + depreciation and amortization [from cash flow statement]. Answer in USD millions. Respond to the question by assuming the perspective of an investment analyst who can only use the details shown within the statement of cash flows and the income statement.,$9068.00,answer,0,703
fb-04481-oracle,financebench,financebench_id_04481,oracle,What is the FY2022 unadjusted EBITDA % margin for PepsiCo? Calculate unadjusted EBITDA using unadjusted operating income and D&A (from cash flow statement). Give a response to the question by relying on the details shown in the statement of cash flows and the P&L statement.,16.5%,answer,3372,3974
fb-04481-closedbook,financebench,financebench_id_04481,closedbook,What is the FY2022 unadjusted EBITDA % margin for PepsiCo? Calculate unadjusted EBITDA using unadjusted operating income and D&A (from cash flow statement). Give a response to the question by relying on the details shown in the statement of cash flows and the P&L statement.,16.5%,answer,0,604
fb-01482-oracle,financebench,financebench_id_01482,oracle,"At the Pepsico AGM held on May 3, 2023, what was the outcome of the shareholder vote on the shareholder proposal for a congruency report by Pepsico on net-zero emissions policies?",The shareholder proposal for a congruency report by Pepsico on net-zero emissions policies was defeated.,answer,1234,1741
fb-01482-closedbook,financebench,financebench_id_01482,closedbook,"At the Pepsico AGM held on May 3, 2023, what was the outcome of the shareholder vote on the shareholder proposal for a congruency report by Pepsico on net-zero emissions policies?",The shareholder proposal for a congruency report by Pepsico on net-zero emissions policies was defeated.,answer,0,509
fb-00705-oracle,financebench,financebench_id_00705,oracle,"By how much did Pepsico increase its unsecured five year revolving credit agreement on May 26, 2023?","$400,000,000 increase.",answer,4746,5174
fb-00705-closedbook,financebench,financebench_id_00705,closedbook,"By how much did Pepsico increase its unsecured five year revolving credit agreement on May 26, 2023?","$400,000,000 increase.",answer,0,430
fb-00882-oracle,financebench,financebench_id_00882,oracle,"As of May 26, 2023, what is the total amount Pepsico may borrow under its unsecured revolving credit agreements?","Total amount Pepsico may borrow under unsecured revolving credit agreements = $8,400,000,000.",answer,4746,5186
fb-00882-closedbook,financebench,financebench_id_00882,closedbook,"As of May 26, 2023, what is the total amount Pepsico may borrow under its unsecured revolving credit agreements?","Total amount Pepsico may borrow under unsecured revolving credit agreements = $8,400,000,000.",answer,0,442
fb-01474-oracle,financebench,financebench_id_01474,oracle,"As of FY2023Q1, why did Pepsico raise full year guidance for FY2023?",Pepsico experienced a strong start to FY2023.,answer,2098,2494
fb-01474-closedbook,financebench,financebench_id_01474,closedbook,"As of FY2023Q1, why did Pepsico raise full year guidance for FY2023?",Pepsico experienced a strong start to FY2023.,answer,0,398
fb-01476-oracle,financebench,financebench_id_01476,oracle,"As of FY2023Q1, by how many percentage points did Pepsico raise full year guidance in respect of core constant currency EPS growth?",Pepsico raised full year guidance in respect of core constant currency EPS growth by 1 percentage point.,answer,2098,2557
fb-01476-closedbook,financebench,financebench_id_01476,closedbook,"As of FY2023Q1, by how many percentage points did Pepsico raise full year guidance in respect of core constant currency EPS growth?",Pepsico raised full year guidance in respect of core constant currency EPS growth by 1 percentage point.,answer,0,461
fb-00302-oracle,financebench,financebench_id_00302,oracle,Did Pfizer grow its PPNE between FY20 and FY21?,"Yes, change in PPNE was positive year over year",answer,2215,2590
fb-00302-closedbook,financebench,financebench_id_00302,closedbook,Did Pfizer grow its PPNE between FY20 and FY21?,"Yes, change in PPNE was positive year over year",answer,0,377
fb-00702-oracle,financebench,financebench_id_00702,oracle,Were there any potential events that are not in Pfizer's standard business operations that substantially increased net income in 2019?,"Yes, the gain on completion of Consumer Healthcare JV Transaction",answer,1959,2421
fb-00702-closedbook,financebench,financebench_id_00702,closedbook,Were there any potential events that are not in Pfizer's standard business operations that substantially increased net income in 2019?,"Yes, the gain on completion of Consumer Healthcare JV Transaction",answer,0,464
fb-02416-oracle,financebench,financebench_id_02416,oracle,What are three main companies acquired by Pfizer mentioned in this 10K report?,"Trillium, Array, and Therachon",answer,14189,14595
fb-02416-closedbook,financebench,financebench_id_02416,closedbook,What are three main companies acquired by Pfizer mentioned in this 10K report?,"Trillium, Array, and Therachon",answer,0,408
fb-00283-oracle,financebench,financebench_id_00283,oracle,How much does Pfizer expect to pay to spin off Upjohn in the future in USD million?,77.78,answer,5347,5758
fb-00283-closedbook,financebench,financebench_id_00283,closedbook,How much does Pfizer expect to pay to spin off Upjohn in the future in USD million?,77.78,answer,0,413
fb-00724-oracle,financebench,financebench_id_00724,oracle,"For Pfizer, which geographic region had the biggest drop in Q22023 year over year revenues (on a percentage basis)?",Developed Rest of the World,answer,4866,5309
fb-00724-closedbook,financebench,financebench_id_00724,closedbook,"For Pfizer, which geographic region had the biggest drop in Q22023 year over year revenues (on a percentage basis)?",Developed Rest of the World,answer,0,445
fb-02419-oracle,financebench,financebench_id_02419,oracle,"As of Q2'2023, is Pfizer spinning off any large business segments?","Yes, it's spinning off Upjohn.",answer,5347,5741
fb-02419-closedbook,financebench,financebench_id_02419,closedbook,"As of Q2'2023, is Pfizer spinning off any large business segments?","Yes, it's spinning off Upjohn.",answer,0,396
fb-00746-oracle,financebench,financebench_id_00746,oracle,Which debt securities are registered to trade on a national securities exchange under Ulta Beauty's name as of FY2023?,There are none,answer,3543,3989
fb-00746-closedbook,financebench,financebench_id_00746,closedbook,Which debt securities are registered to trade on a national securities exchange under Ulta Beauty's name as of FY2023?,There are none,answer,0,448
fb-00521-oracle,financebench,financebench_id_00521,oracle,What are major acquisitions that Ulta Beauty has done in FY2023 and FY2022?,Ulta Beauty did not make any acquisitions in FY2023 and FY2022.,answer,2316,2719
fb-00521-closedbook,financebench,financebench_id_00521,closedbook,What are major acquisitions that Ulta Beauty has done in FY2023 and FY2022?,Ulta Beauty did not make any acquisitions in FY2023 and FY2022.,answer,0,405
fb-00601-oracle,financebench,financebench_id_00601,oracle,What drove the reduction in SG&A expense as a percent of net sales in FY2023?,"Lower marketing expenses and leverage of incentive compensation due to higher sales. The answer here assumes FY2023 refers to the 12 months ended on January 28, 2023 (although the company refers to this period as its fiscal 2022.",answer,3390,3795
fb-00601-closedbook,financebench,financebench_id_00601,closedbook,What drove the reduction in SG&A expense as a percent of net sales in FY2023?,"Lower marketing expenses and leverage of incentive compensation due to higher sales. The answer here assumes FY2023 refers to the 12 months ended on January 28, 2023 (although the company refers to this period as its fiscal 2022.",answer,0,407
fb-00603-oracle,financebench,financebench_id_00603,oracle,What drove the increase in Ulta Beauty's merchandise inventories balance at end of FY2023?,"Increase in Merchandise inventories balance was driven by the opening of 47 new stores. The answer here assumes FY2023 refers to the 12 months ended on January 28, 2023 (although the company refers to this period as its fiscal 2022.",answer,2240,2658
fb-00603-closedbook,financebench,financebench_id_00603,closedbook,What drove the increase in Ulta Beauty's merchandise inventories balance at end of FY2023?,"Increase in Merchandise inventories balance was driven by the opening of 47 new stores. The answer here assumes FY2023 refers to the 12 months ended on January 28, 2023 (although the company refers to this period as its fiscal 2022.",answer,0,420
fb-00605-oracle,financebench,financebench_id_00605,oracle,What percent of Ulta Beauty's total spend on stock repurchases for FY 2023 occurred in Q4 of FY2023?,"36%. The answer here assumes FY2023 refers to the 12 months ended on January 28, 2023 (although the company refers to this period as its fiscal 2022.",answer,2240,2668
fb-00605-closedbook,financebench,financebench_id_00605,closedbook,What percent of Ulta Beauty's total spend on stock repurchases for FY 2023 occurred in Q4 of FY2023?,"36%. The answer here assumes FY2023 refers to the 12 months ended on January 28, 2023 (although the company refers to this period as its fiscal 2022.",answer,0,430
fb-00606-oracle,financebench,financebench_id_00606,oracle,Did Ulta Beauty's wages expense as a percent of net sales increase or decrease in FY2023?,"Wages expense as a percent of net sales increased in FY2023. The answer here assumes FY2023 refers to the 12 months ended on January 28, 2023 (although the company refers to this period as its fiscal 2022.",answer,3390,3807
fb-00606-closedbook,financebench,financebench_id_00606,closedbook,Did Ulta Beauty's wages expense as a percent of net sales increase or decrease in FY2023?,"Wages expense as a percent of net sales increased in FY2023. The answer here assumes FY2023 refers to the 12 months ended on January 28, 2023 (although the company refers to this period as its fiscal 2022.",answer,0,419
fb-00859-oracle,financebench,financebench_id_00859,oracle,"Among all of the derivative instruments that Verizon used to manage the exposure to fluctuations of foreign currencies exchange rates or interest rates, which one had the highest notional value in FY 2021?","Cross currency swaps. Its notional value was $32,502 million.",answer,3828,4361
fb-00859-closedbook,financebench,financebench_id_00859,closedbook,"Among all of the derivative instruments that Verizon used to manage the exposure to fluctuations of foreign currencies exchange rates or interest rates, which one had the highest notional value in FY 2021?","Cross currency swaps. Its notional value was $32,502 million.",answer,0,535
fb-02024-oracle,financebench,financebench_id_02024,oracle,"As of FY 2021, how much did Verizon expect to pay for its retirees in 2024?","The estimated pension benefits were $1097 million, and the estimated health care and life insurance benefits were $862 million.",answer,8771,9174
fb-02024-closedbook,financebench,financebench_id_02024,closedbook,"As of FY 2021, how much did Verizon expect to pay for its retirees in 2024?","The estimated pension benefits were $1097 million, and the estimated health care and life insurance benefits were $862 million.",answer,0,405
fb-00216-oracle,financebench,financebench_id_00216,oracle,"Does Verizon have a reasonably healthy liquidity profile based on its quick ratio for FY 2022? If the quick ratio is not relevant to measure liquidity, please state that and explain why.",No. The quick ratio was approximately 0.54 for Verizon. It indicated that Verizon does not have a healthy liquidity profile.,answer,2341,2855
fb-00216-closedbook,financebench,financebench_id_00216,closedbook,"Does Verizon have a reasonably healthy liquidity profile based on its quick ratio for FY 2022? If the quick ratio is not relevant to measure liquidity, please state that and explain why.",No. The quick ratio was approximately 0.54 for Verizon. It indicated that Verizon does not have a healthy liquidity profile.,answer,0,516
fb-00215-oracle,financebench,financebench_id_00215,oracle,Is Verizon a capital intensive business based on FY 2022 data?,"Yes. Verizon's capital intensity ratio was approximately 2.774729. This means that it took approximately $2.77 of assets to generate $1 of revenue and thus, Verizon can be considered capital intensive.",answer,7456,7846
fb-00215-closedbook,financebench,financebench_id_00215,closedbook,Is Verizon a capital intensive business based on FY 2022 data?,"Yes. Verizon's capital intensity ratio was approximately 2.774729. This means that it took approximately $2.77 of assets to generate $1 of revenue and thus, Verizon can be considered capital intensive.",answer,0,392
fb-00566-oracle,financebench,financebench_id_00566,oracle,Has Verizon increased its debt on balance sheet between 2022 and the 2021 fiscal period?,No. Verizon's debt decreased by $229 million.,answer,3674,4090
fb-00566-closedbook,financebench,financebench_id_00566,closedbook,Has Verizon increased its debt on balance sheet between 2022 and the 2021 fiscal period?,No. Verizon's debt decreased by $229 million.,answer,0,418
fb-06247-oracle,financebench,financebench_id_06247,oracle,What is FY2018 days payable outstanding (DPO) for Walmart? DPO is defined as: 365 * (average accounts payable between FY2017 and FY2018) / (FY2018 COGS + change in inventory between FY2017 and FY2018). Round your answer to two decimal places. Please base your judgments on the information provided primarily in the statement of financial position and the P&L statement.,42.69,answer,3270,3967
fb-06247-closedbook,financebench,financebench_id_06247,closedbook,What is FY2018 days payable outstanding (DPO) for Walmart? DPO is defined as: 365 * (average accounts payable between FY2017 and FY2018) / (FY2018 COGS + change in inventory between FY2017 and FY2018). Round your answer to two decimal places. Please base your judgments on the information provided primarily in the statement of financial position and the P&L statement.,42.69,answer,0,699
fb-04784-oracle,financebench,financebench_id_04784,oracle,"Based on the information provided primarily in the statement of income, what is the FY2018 - FY2019 change in unadjusted operating income % margin for Walmart? Answer in units of percents and round to one decimal place.",0.2%,answer,1451,1998
fb-04784-closedbook,financebench,financebench_id_04784,closedbook,"Based on the information provided primarily in the statement of income, what is the FY2018 - FY2019 change in unadjusted operating income % margin for Walmart? Answer in units of percents and round to one decimal place.",0.2%,answer,0,549
fb-06741-oracle,financebench,financebench_id_06741,oracle,What is the FY2018 - FY2020 3 year average unadjusted EBITDA % margin for Walmart? Define unadjusted EBITDA as unadjusted operating income + depreciation and amortization from the cash flow statement. Answer in units of percents and round to one decimal place. Calculate what was asked by utilizing the line items clearly shown in the P&L statement and the cash flow statement.,6.2%,answer,4123,4828
fb-06741-closedbook,financebench,financebench_id_06741,closedbook,What is the FY2018 - FY2020 3 year average unadjusted EBITDA % margin for Walmart? Define unadjusted EBITDA as unadjusted operating income + depreciation and amortization from the cash flow statement. Answer in units of percents and round to one decimal place. Calculate what was asked by utilizing the line items clearly shown in the P&L statement and the cash flow statement.,6.2%,answer,0,707
