financebench_id,question,paraphrase
financebench_id_00005,"Does Corning have positive working capital based on FY2022 data? If working capital is not a useful or relevant metric for this company, then please state that and explain why.","Based on the FY2022 figures, did Corning maintain positive working capital? Should working capital not be a meaningful or applicable metric for this company, please indicate that and provide your reasoning."
financebench_id_00070,"Does American Water Works have positive working capital based on FY2022 data? If working capital is not a useful or relevant metric for this company, then please state that and explain why.","Based on American Water Works' FY2022 figures, does the company have a positive amount of working capital? In case working capital isn't a meaningful or applicable metric for this business, please indicate that and provide the reasoning."
financebench_id_00080,"Does Paypal have positive working capital based on FY2022 data? If working capital is not a useful or relevant metric for this company, then please state that and explain why.","Based on PayPal's fiscal year 2022 figures, is its working capital positive? If working capital isn't a meaningful metric for this particular company, please indicate that and provide your reasoning."
financebench_id_00206,"Are JPM's gross margins historically consistent (not fluctuating more than roughly 2% each year)? If gross margins are not a relevant metric for a company like this, then please state that and explain why.","Has JPM maintained relatively stable gross margins over time, staying within about a 2% variance year to year? If gross margin isn't a meaningful metric for this type of company, please say so and explain the reasoning."
financebench_id_00215,Is Verizon a capital intensive business based on FY 2022 data?,"Based on Verizon's fiscal year 2022 financial figures, would you classify its operations as capital intensive?"
financebench_id_00216,"Does Verizon have a reasonably healthy liquidity profile based on its quick ratio for FY 2022? If the quick ratio is not relevant to measure liquidity, please state that and explain why.","For fiscal year 2022, does Verizon exhibit a fairly sound liquidity position when assessed via its quick ratio? Should the quick ratio not be a suitable liquidity metric in this case, indicate that and provide the reasoning."
financebench_id_00222,"Does AMD have a reasonably healthy liquidity profile based on its quick ratio for FY22? If the quick ratio is not relevant to measure liquidity, please state that and explain why.","For fiscal year 2022, does AMD maintain a sufficiently strong liquidity position when evaluated through its quick ratio? Should the quick ratio not be a suitable liquidity measure in this case, please indicate that and provide the reasoning."
financebench_id_00283,How much does Pfizer expect to pay to spin off Upjohn in the future in USD million?,"What is the projected future payment amount, in USD million, that Pfizer anticipates for the Upjohn spin-off?"
financebench_id_00288,Was there any drop in Cash & Cash equivalents between FY 2023 and Q2 of FY2024?,Did Cash & Cash equivalents decrease from FY 2023 to Q2 of FY2024?
financebench_id_00299,Which of JPM's business segments had the lowest net revenue in 2021 Q1?,"Among JPM's business segments, which one recorded the smallest net revenue during Q1 2021?"
financebench_id_00302,Did Pfizer grow its PPNE between FY20 and FY21?,"Between fiscal years 2020 and 2021, did Pfizer's PP&E increase?"
financebench_id_00382,Which region had the Highest EBITDAR Contribution for MGM during FY2022?,"For MGM, which region contributed the most to EBITDAR in fiscal year 2022?"
financebench_id_00394,"In 2022 Q2, which of JPM's business segments had the highest net income?","For the second quarter of 2022, which business segment of JPM reported the greatest net income?"
financebench_id_00407,Which type of debt received the largest investment among the short term investments for MGM in H1 FY2023?,"For MGM's short-term investments in H1 FY2023, which debt category attracted the highest amount of investment?"
financebench_id_00438,"Does Adobe have an improving operating margin profile as of FY2022? If operating margin is not a useful metric for a company like this, then state that and explain why.","For fiscal year 2022, has Adobe's operating margin trended upward? If operating margin isn't a meaningful measure for this type of company, say so and explain the reasoning."
financebench_id_00460,Was there any change in the number of Best Buy stores between Q2 of FY2024 and FY2023?,Did the total number of Best Buy stores change from Q2 FY2023 to Q2 FY2024?
financebench_id_00464,Is Boeing's business subject to cyclicality?,Does Boeing's business tend to fluctuate with economic cycles?
financebench_id_00476,Which debt securities are registered to trade on a national securities exchange under American Express' name as of 2022?,"As of 2022, which of American Express' debt securities are listed for trading on a national securities exchange?"
financebench_id_00494,What production rate changes is Boeing forecasting for FY2023?,"For fiscal year 2023, what changes to its production rates is Boeing projecting?"
financebench_id_00499,Is 3M a capital-intensive business based on FY2022 data?,"Based on 3M's FY2022 financial data, would you characterize its business as capital-intensive?"
financebench_id_00517,Are there any product categories / service categories that represent more than 20% of Boeing's revenue for FY2022?,"For fiscal year 2022, did Boeing have any product or service categories that accounted for over 20% of its total revenue?"
financebench_id_00521,What are major acquisitions that Ulta Beauty has done in FY2023 and FY2022?,Which significant acquisitions did Ulta Beauty complete during fiscal years 2023 and 2022?
financebench_id_00540,Roughly how many times has AES Corporation sold its inventory in FY2022? Calculate inventory turnover ratio for the FY2022; if conventional inventory management is not meaningful for the company then state that and explain why.,"Approximately how many times did AES Corporation turn over its inventory during FY2022? Compute the FY2022 inventory turnover ratio; if standard inventory management doesn't meaningfully apply to this company, note that and explain the reasoning."
financebench_id_00552,Has Microsoft increased its debt on balance sheet between FY2023 and the FY2022 period?,Did Microsoft's balance sheet debt rise from FY2022 to FY2023?
financebench_id_00563,"From FY21 to FY22, excluding Embedded, in which AMD reporting segment did sales proportionally increase the most?","Looking at AMD's segments other than Embedded, which one saw the largest percentage growth in sales between FY21 and FY22?"
financebench_id_00566,Has Verizon increased its debt on balance sheet between 2022 and the 2021 fiscal period?,Did Verizon's total debt reported on the balance sheet rise from fiscal year 2021 to fiscal year 2022?
financebench_id_00585,How does Boeing's effective tax rate in FY2022 compare to FY2021?,"Comparing FY2021 to FY2022, how did Boeing's effective tax rate change?"
financebench_id_00591,Does Adobe have an improving Free cashflow conversion as of FY2022?,"As of fiscal year 2022, has Adobe's free cash flow conversion been trending upward?"
financebench_id_00601,What drove the reduction in SG&A expense as a percent of net sales in FY2023?,What caused SG&A expense as a percentage of net sales to decrease in fiscal year 2023?
financebench_id_00603,What drove the increase in Ulta Beauty's merchandise inventories balance at end of FY2023?,What factors contributed to the rise in Ulta Beauty's merchandise inventories balance by the end of FY2023?
financebench_id_00605,What percent of Ulta Beauty's total spend on stock repurchases for FY 2023 occurred in Q4 of FY2023?,"For fiscal year 2023, what share of Ulta Beauty's total stock buyback expenditure was attributable to the fourth quarter?"
financebench_id_00606,Did Ulta Beauty's wages expense as a percent of net sales increase or decrease in FY2023?,"In FY2023, did Ulta Beauty's wages expense, measured as a percentage of net sales, go up or down?"
financebench_id_00651,Is growth in JnJ's adjusted EPS expected to accelerate in FY2023?,"For fiscal year 2023, is JnJ's adjusted EPS growth projected to speed up?"
financebench_id_00669,"What drove gross margin change as of FY2022 for JnJ? If gross margin is not a useful metric for a company like this, then please state that and explain why.","For fiscal year 2022, what factors caused the change in JnJ's gross margin? If gross margin isn't a meaningful metric for this type of company, please indicate that and explain the reasoning."
financebench_id_00678,"Does Boeing have an improving gross margin profile as of FY2022? If gross margin is not a useful metric for a company like this, then state that and explain why.","For fiscal year 2022, has Boeing's gross margin been trending upward? If gross margin isn't a meaningful metric for this type of company, note that and explain the reasoning."
financebench_id_00684,"Does AMCOR have an improving gross margin profile as of FY2023? If gross margin is not a useful metric for a company like this, then state that and explain why.","As of fiscal year 2023, has AMCOR's gross margin been trending upward? If gross margin isn't a meaningful metric for this type of company, note that and give the reasoning."
financebench_id_00685,"Are Best Buy's gross margins historically consistent (not fluctuating more than roughly 2% each year)? If gross margins are not a relevant metric for a company like this, then please state that and explain why.","Has Best Buy maintained relatively stable gross margins over time, staying within about a 2% annual swing? If gross margin isn't a meaningful metric for this type of company, please note that and explain the reasoning."
financebench_id_00702,Were there any potential events that are not in Pfizer's standard business operations that substantially increased net income in 2019?,"In 2019, did Pfizer experience any non-recurring, outside-the-ordinary-course occurrences that meaningfully boosted its net income?"
financebench_id_00705,"By how much did Pepsico increase its unsecured five year revolving credit agreement on May 26, 2023?","What was the size of the increase Pepsico made to its unsecured five-year revolving credit agreement on May 26, 2023?"
financebench_id_00711,Roughly how many times has JnJ sold its inventory in FY2022? Calculate inventory turnover ratio for FY2022; if conventional inventory management is not meaningful for the company then state that and explain why.,"Approximately how many times did JnJ turn over its inventory during FY2022? Compute the FY2022 inventory turnover ratio; if standard inventory management doesn't meaningfully apply to this company, note that and explain the reasoning."
financebench_id_00720,"What drove gross margin change as of the FY2022 for American Express? If gross margin is not a useful metric for a company like this, then please state that and explain why.","For American Express's fiscal year 2022, what factors contributed to the change in gross margin? If gross margin isn't a meaningful metric for this type of company, please indicate that and provide the reasoning."
financebench_id_00723,"Does AMEX have an improving operating margin profile as of 2022? If operating margin is not a useful metric for a company like this, then state that and explain why.","For fiscal year 2022, has American Express shown a trend of improving operating margins? If operating margin isn't a meaningful metric for this type of company, say so and explain the reason."
financebench_id_00724,"For Pfizer, which geographic region had the biggest drop in Q22023 year over year revenues (on a percentage basis)?","In terms of percentage decline, which of Pfizer's geographic regions experienced the largest year-over-year revenue drop in Q2 2023?"
financebench_id_00735,Has Pepsico reported any materially important ongoing legal battles from FY2022 and FY2021?,Did Pepsico disclose any significant ongoing litigation during FY2022 and FY2021?
financebench_id_00746,Which debt securities are registered to trade on a national securities exchange under Ulta Beauty's name as of FY2023?,"As of fiscal year 2023, which of Ulta Beauty's debt securities are listed for trading on a national securities exchange?"
financebench_id_00757,Did AMD report customer concentration in FY22?,"In its fiscal year 2022 disclosures, did AMD report having concentration among its customers?"
financebench_id_00790,Is CVS Health a capital-intensive business based on FY2022 data?,"Based on the fiscal year 2022 figures, would you characterize CVS Health as a business that requires heavy capital investment?"
financebench_id_00799,"Has AMCOR's quick ratio improved or declined between FY2023 and FY2022? If the quick ratio is not something that a financial analyst would ask about a company like this, then state that and explain why.","Between FY2022 and FY2023, did AMCOR's quick ratio go up or down? If a financial analyst wouldn't typically consider the quick ratio relevant for a company of this type, please note that and give your reasoning."
financebench_id_00807,"Does 3M have a reasonably healthy liquidity profile based on its quick ratio for Q2 of FY2023? If the quick ratio is not relevant to measure liquidity, please state that and explain why.","For 3M's fiscal Q2 2023, does the company's quick ratio indicate a sufficiently sound liquidity position? Should the quick ratio not be an appropriate liquidity measure, note that and provide the reasoning."
financebench_id_00822,Were there any board member nominees who had substantially more votes against joining than the other nominees?,"Did any of the board nominees receive a noticeably higher number of ""against"" votes compared to the rest?"
financebench_id_00839,Does Foot Locker's new CEO have previous CEO experience in a similar company to Footlocker?,Has Foot Locker's newly appointed CEO previously served as CEO at a company comparable to Foot Locker?
financebench_id_00859,"Among all of the derivative instruments that Verizon used to manage the exposure to fluctuations of foreign currencies exchange rates or interest rates, which one had the highest notional value in FY 2021?","Looking at all the derivative instruments Verizon employed to hedge against foreign currency exchange rate or interest rate fluctuations, which single instrument carried the largest notional value in fiscal year 2021?"
financebench_id_00882,"As of May 26, 2023, what is the total amount Pepsico may borrow under its unsecured revolving credit agreements?","As of May 26, 2023, what is the maximum aggregate amount Pepsico is permitted to draw under its unsecured revolving credit agreements?"
financebench_id_00917,"What drove operating margin change as of the FY22 for AMD? If operating margin is not a useful metric for a company like this, then please state that and explain why.","For AMD's fiscal year 2022, what factors contributed to the shift in operating margin? If operating margin isn't a meaningful metric for this type of company, please indicate that and provide your reasoning."
financebench_id_00941,Which debt securities are registered to trade on a national securities exchange under 3M's name as of Q2 of 2023?,"As of the second quarter of 2023, which of 3M's debt securities are listed for trading on a national securities exchange?"
financebench_id_00956,Are JnJ's FY2022 financials that of a high growth company?,Do Johnson & Johnson's fiscal year 2022 financial results reflect a company experiencing rapid growth?
financebench_id_00995,What are the major products and services that AMD sells as of FY22?,"As of fiscal year 2022, what key products and services does AMD offer?"
financebench_id_01009,What are the geographies that Pepsico primarily operates in as of FY2022?,"As of fiscal year 2022, in which geographic regions does Pepsico mainly conduct its business?"
financebench_id_01028,What are the geographies that American Express primarily operates in as of 2022?,"As of 2022, in which regions does American Express mainly conduct its business?"
financebench_id_01077,"What are major acquisitions that Best Buy has done in FY2023, FY2022 and FY2021?","Which significant acquisitions did Best Buy complete during fiscal years 2021, 2022, and 2023?"
financebench_id_01079,"What are major acquisitions that AMCOR has done in FY2023, FY2022 and FY2021?","Which significant acquisitions did AMCOR complete during FY2021, FY2022, and FY2023?"
financebench_id_01091,Has Boeing reported any materially important ongoing legal battles from FY2022?,"For fiscal year 2022, did Boeing disclose any significant litigation or legal proceedings still unresolved?"
financebench_id_01107,"Has CVS Health reported any materially important ongoing legal battles from 2022, 2021 and 2020?","During fiscal years 2020, 2021, and 2022, did CVS Health disclose any significant, ongoing litigation matters?"
financebench_id_01148,What industry does AMCOR primarily operate in?,In which industry does AMCOR mainly conduct its business?
financebench_id_01163,"Among operations, investing, and financing activities, which brought in the most (or lost the least) cash flow for Nike in FY2023?","For Nike in FY2023, which of the three activity categories—operating, investing, or financing—generated the largest positive cash flow, or, if all were negative, showed the smallest cash outflow?"
financebench_id_01198,What drove revenue change as of the FY22 for AMD?,"For AMD's fiscal year 2022, what were the main factors behind the change in revenue?"
financebench_id_01226,"What drove operating margin change as of FY2022 for 3M? If operating margin is not a useful metric for a company like this, then please state that and explain why.","For fiscal year 2022, what factors contributed to the change in 3M's operating margin? If operating margin isn't a meaningful metric for this type of company, please say so and explain the reasoning."
financebench_id_01244,Has CVS Health paid dividends to common shareholders in Q2 of FY2022?,"For Q2 of fiscal year 2022, did CVS Health distribute dividends to its common shareholders?"
financebench_id_01254,Has MGM Resorts paid dividends to common shareholders in FY2022?,"During fiscal year 2022, did MGM Resorts distribute any dividends to holders of its common stock?"
financebench_id_01275,"Among operations, investing, and financing activities, which brought in the most (or lost the least) cash flow for Best Buy in FY2023?","For Best Buy's FY2023, which of the three activity categories—operating, investing, or financing—generated the highest cash inflow, or if none were positive, showed the smallest cash outflow?"
financebench_id_01279,"Among operations, investing, and financing activities, which brought in the most (or lost the least) cash flow for AMD in FY22?","For AMD in FY22, which category among operating, investing, and financing activities generated the largest positive cash flow, or if all were negative, the smallest cash outflow?"
financebench_id_01290,Who are the primary customers of Boeing as of FY2022?,"As of fiscal year 2022, who are Boeing's main customers?"
financebench_id_01319,What is the quantity of restructuring costs directly outlined in AES Corporation's income statements for FY2022? If restructuring costs are not explicitly outlined then state 0.,"For fiscal year 2022, how much did AES Corporation report as restructuring expenses specifically stated in its income statements? Report 0 if not explicitly stated."
financebench_id_01328,What is the quantity of restructuring costs directly outlined in Pepsico's income statements for FY2022? If restructuring costs are not explicitly outlined then state 0.,"For fiscal year 2022, how much did Pepsico report as restructuring expenses specifically within its income statement? Report 0 if no restructuring costs are explicitly stated."
financebench_id_01346,How much has the effective tax rate of Corning changed between FY2021 and FY2022?,"Between fiscal years 2021 and 2022, what was the change in Corning's effective tax rate?"
financebench_id_01351,How much has the effective tax rate of American Express changed between FY2021 and FY2022?,"Between FY2021 and FY2022, what was the change in American Express's effective tax rate?"
financebench_id_01474,"As of FY2023Q1, why did Pepsico raise full year guidance for FY2023?","For the first quarter of fiscal year 2023, what was the reason Pepsico increased its guidance for the entire FY2023?"
financebench_id_01476,"As of FY2023Q1, by how many percentage points did Pepsico raise full year guidance in respect of core constant currency EPS growth?","For the first quarter of fiscal year 2023, by how many percentage points did Pepsico increase its full-year outlook for core constant-currency EPS growth?"
financebench_id_01482,"At the Pepsico AGM held on May 3, 2023, what was the outcome of the shareholder vote on the shareholder proposal for a congruency report by Pepsico on net-zero emissions policies?","In the May 3, 2023 Pepsico Annual General Meeting, how did shareholders vote on the proposal requesting that Pepsico issue a congruency report regarding its net-zero emissions policies?"
financebench_id_01484,How did JnJ's US sales growth compare to international sales growth in FY2022?,"In FY2022, how did Johnson & Johnson's domestic (US) sales growth stack up against its international sales growth?"
financebench_id_01487,Did JnJ's net earnings as a percent of sales increase in Q2 of FY2023 compared to Q2 of FY2022?,"For Johnson & Johnson, did net earnings expressed as a percentage of sales rise when comparing Q2 FY2023 to Q2 FY2022?"
financebench_id_01488,"Which business segment of JnJ will be treated as a discontinued operation from August 30, 2023 onward?","Starting on August 30, 2023, which of JnJ's business segments will be classified as a discontinued operation?"
financebench_id_01490,"What is the amount of the gain accruing to JnJ as a result of the separation of its Consumer Health business segment, as of August 30, 2023?","As of August 30, 2023, what dollar gain did JnJ recognize from spinning off its Consumer Health business segment?"
financebench_id_01491,"What is the amount of the cash proceeds that JnJ realised from the separation of Kenvue (formerly Consumer Health business segment), as of August 30, 2023?","As of August 30, 2023, how much cash did JnJ receive from separating Kenvue (previously the Consumer Health business segment)?"
financebench_id_01858,Does 3M maintain a stable trend of dividend distribution?,Has 3M consistently maintained a steady pattern in its dividend payouts?
financebench_id_01865,"If we exclude the impact of M&A, which segment has dragged down 3M's overall growth in 2022?","Excluding M&A effects, which segment held back 3M's total growth in 2022?"
financebench_id_01902,Which Best Buy product category performed the best (by top line) in the domestic (USA) Market during Q2 of FY2024?,"During Q2 of FY2024, which Best Buy product category generated the highest revenue in the domestic (USA) market?"
financebench_id_01911,What was MGM's interest coverage ratio using FY2022 Adjusted EBIT as the numerator and annual Interest Expense as the denominator?,"For fiscal year 2022, what figure results from dividing MGM's Adjusted EBIT by its annual Interest Expense to determine the interest coverage ratio?"
financebench_id_01912,Which region had the worst topline performance for MGM during FY2022?,"For fiscal year 2022, which of MGM's regions posted the weakest revenue results?"
financebench_id_01928,What Was AMCOR's Adjusted Non GAAP EBITDA for FY 2023,"For fiscal year 2023, what figure did AMCOR report as its Adjusted Non-GAAP EBITDA?"
financebench_id_01930,"How much was the Real change in Sales for AMCOR in FY 2023 vs FY 2022, if we exclude the impact of FX movement, passthrough costs and one-off items?","For AMCOR, what was the underlying change in Sales between FY 2022 and FY 2023 after stripping out the effects of currency movements, passthrough costs, and one-off items?"
financebench_id_01935,What was the key agenda of the AMCOR's 8k filing dated 1st July 2022?,"What main topic did AMCOR address in its 8-K filing submitted on July 1, 2022?"
financebench_id_01936,What is the nature & purpose of AMCOR's restructuring liability as oF Q2 of FY2023 close?,"As of the end of the second quarter of fiscal year 2023, what does AMCOR's restructuring liability represent, and why does it exist?"
financebench_id_01964,What was the largest liability in American Express's Balance Sheet in 2022?,"In American Express's 2022 Balance Sheet, which liability category had the highest value?"
financebench_id_01981,Was American Express able to retain card members during 2022?,"In 2022, did American Express succeed in keeping its existing card members from leaving?"
financebench_id_02024,"As of FY 2021, how much did Verizon expect to pay for its retirees in 2024?","Based on figures reported for fiscal year 2021, what amount did Verizon anticipate paying toward its retirees' expenses in 2024?"
financebench_id_02049,"Looking at VaR, did the risk that JPM faced in the second fiscal quarter of 2023 decrease compared to the same period in the prior year?","In terms of Value at Risk, was JPM's exposure to risk lower in Q2 of fiscal year 2023 relative to the corresponding quarter a year earlier?"
financebench_id_02119,"If JPM went bankrupted by the end by 2021 Q1 and liquidated all of its assets to pay its shareholders, how much could each shareholder get?","Assuming JPM declared bankruptcy at the close of 2021 Q1 and sold off all its assets to distribute the proceeds among shareholders, what amount would each shareholder receive?"
financebench_id_02416,What are three main companies acquired by Pfizer mentioned in this 10K report?,"According to this 10K filing, which three companies does it name as major acquisitions made by Pfizer?"
financebench_id_02419,"As of Q2'2023, is Pfizer spinning off any large business segments?","For the second quarter of fiscal year 2023, has Pfizer announced plans to divest or spin off any of its major business segments?"
financebench_id_02608,"In agreement with the information outlined in the income statement, what is the FY2015 - FY2017 3 year average net profit margin (as a %) for Best Buy? Answer in units of percents and round to one decimal place.","Based on the income statement data, what was Best Buy's average net profit margin, expressed as a percentage, over the three-year period from FY2015 to FY2017? Provide the answer in percent, rounded to one decimal place."
financebench_id_02981,"Taking into account the information outlined in the income statement, what is the FY2019 - FY2021 3 year average unadjusted operating income % margin for Corning? Answer in units of percents and round to one decimal place.","Based on the income statement data, what was Corning's average unadjusted operating margin over the three-year period from FY2019 to FY2021? Express the answer as a percentage rounded to one decimal place."
financebench_id_02987,What is the FY2019 fixed asset turnover ratio for Activision Blizzard? Fixed asset turnover ratio is defined as: FY2019 revenue / (average PP&E between FY2018 and FY2019). Round your answer to two decimal places. Base your judgments on the information provided primarily in the statement of income and the statement of financial position.,"For fiscal year 2019, calculate Activision Blizzard's fixed asset turnover ratio, defined as FY2019 revenue divided by the average PP&E for FY2018 and FY2019. Provide the result rounded to two decimal places, relying mainly on the income statement and balance sheet."
financebench_id_03029,What is the FY2018 capital expenditure amount (in USD millions) for 3M? Give a response to the question by relying on the details shown in the cash flow statement.,"Using the cash flow statement, how much did 3M spend on capital expenditures in fiscal year 2018, expressed in millions of USD?"
financebench_id_03031,What is Lockheed Martin's FY2021 net working capital? Define net working capital as total current assets less total current liabilities. Answer in USD millions. Respond to the question by assuming the perspective of an investment analyst who can only use the details shown within the balance sheet.,"Using only the figures presented on the balance sheet, and adopting the viewpoint of an investment analyst, calculate Lockheed Martin's net working capital for FY2021—computed as total current assets minus total current liabilities—expressing the result in millions of USD."
financebench_id_03069,"Answer the following question as if you are an equity research analyst and have lost internet connection so you do not have access to financial metric providers. According to the details clearly outlined within the P&L statement and the statement of cash flows, what is the FY2015 depreciation and amortization (D&A from cash flow statement) % margin for AMD?","Imagine you're an equity research analyst working offline with no access to financial data providers. Based solely on the figures presented in the income statement and cash flow statement, calculate AMD's depreciation and amortization expense (as reported in the cash flow statement) as a percentage of revenue for fiscal year 2015."
financebench_id_03282,What is Netflix's year end FY2017 total current liabilities (in USD millions)? Base your judgments on the information provided primarily in the balance sheet.,"Referring mainly to the balance sheet, what were Netflix's total current liabilities, in millions of USD, as of the close of fiscal year 2017?"
financebench_id_03471,"By drawing conclusions from the information stated only in the statement of financial position, what is General Mills's FY2020 working capital ratio? Define working capital ratio as total current assets divided by total current liabilities. Round your answer to two decimal places.","Using only the data presented in the balance sheet, calculate General Mills's working capital ratio for fiscal year 2020, where the working capital ratio is defined as total current assets divided by total current liabilities. Provide your answer rounded to two decimal places."
financebench_id_03473,What is the FY2017 return on assets (ROA) for Coca Cola? ROA is defined as: FY2017 net income / (average total assets between FY2016 and FY2017). Round your answer to two decimal places. Give a response to the question by relying on the details shown in the balance sheet and the P&L statement.,"Using figures from the balance sheet and income statement, calculate Coca-Cola's return on assets (ROA) for fiscal year 2017, where ROA equals FY2017 net income divided by the average of total assets at the end of FY2016 and FY2017. Provide the result rounded to two decimal places."
financebench_id_03531,"According to the details clearly outlined within the balance sheet, how much total current assets did Nike have at the end of FY2019? Answer in USD millions.","Based on the balance sheet figures, what was Nike's total current assets figure at the close of fiscal year 2019, expressed in USD millions?"
financebench_id_03620,What is the FY2022 unadjusted EBITDA less capex for PepsiCo? Define unadjusted EBITDA as unadjusted operating income + depreciation and amortization [from cash flow statement]. Answer in USD millions. Respond to the question by assuming the perspective of an investment analyst who can only use the details shown within the statement of cash flows and the income statement.,"From the perspective of an investment analyst limited strictly to the income statement and statement of cash flows, calculate PepsiCo's FY2022 non-adjusted EBITDA minus capital expenditures, where non-adjusted EBITDA equals non-adjusted operating income plus depreciation and amortization taken from the cash flow statement. Provide the result in millions of USD."
financebench_id_03718,What is Lockheed Martin's 2 year total revenue CAGR from FY2020 to FY2022 (in units of percents and round to one decimal place)? Provide a response to the question by primarily using the statement of income.,"Using figures from the income statement, calculate Lockheed Martin's two-year compound annual growth rate (CAGR) in total revenue between fiscal year 2020 and fiscal year 2022, expressed as a percentage rounded to one decimal place."
financebench_id_03838,What is the FY2019 - FY2020 total revenue growth rate for Block (formerly known as Square)? Answer in units of percents and round to one decimal place. Approach the question asked by assuming the standpoint of an investment banking analyst who only has access to the statement of income.,"From the perspective of an investment banking analyst working solely from the income statement, calculate how much Block's (formerly Square) total revenue grew between FY2019 and FY2020, expressing the result as a percentage rounded to one decimal place."
financebench_id_03849,What is the FY2018 - FY2020 3 year average of capex as a % of revenue for MGM Resorts? Answer in units of percents and round to one decimal place. Please utilize information provided primarily within the statement of cash flows and the statement of income.,"For MGM Resorts, what was the average capital expenditure as a percentage of revenue over the three fiscal years FY2018 through FY2020? Provide the answer as a percentage rounded to one decimal place, drawing mainly from the cash flow statement and income statement."
financebench_id_03856,What is the FY2017 operating cash flow ratio for Adobe? Operating cash flow ratio is defined as: cash from operations / total current liabilities. Round your answer to two decimal places. Please utilize information provided primarily within the balance sheet and the cash flow statement.,"For Adobe's fiscal year 2017, calculate the operating cash flow ratio, defined as cash from operations divided by total current liabilities, rounding your result to two decimal places. Base your calculation mainly on data from the balance sheet and the cash flow statement."
financebench_id_03882,What is Amcor's year end FY2020 net AR (in USD millions)? Address the question by adopting the perspective of a financial analyst who can only use the details shown within the balance sheet.,"Looking only at the balance sheet, what net accounts receivable figure did Amcor report at the close of fiscal year 2020, expressed in millions of US dollars?"
financebench_id_04080,"When primarily referencing the income statement and the statement of financial position, what is the FY2021 inventory turnover ratio for Nike? Inventory turnover ratio is defined as: (FY2021 COGS) / (average inventory between FY2020 and FY2021). Round your answer to two decimal places.","Using mainly the income statement and balance sheet, calculate Nike's inventory turnover ratio for FY2021, where the ratio equals FY2021 COGS divided by the average inventory across FY2020 and FY2021. Provide the result rounded to two decimal places."
financebench_id_04103,What is the FY2019 cash conversion cycle (CCC) for General Mills? CCC is defined as: DIO + DSO - DPO. DIO is defined as: 365 * (average inventory between FY2018 and FY2019) / (FY2019 COGS). DSO is defined as: 365 * (average accounts receivable between FY2018 and FY2019) / (FY2019 Revenue). DPO is defined as: 365 * (average accounts payable between FY2018 and FY2019) / (FY2019 COGS + change in inventory between FY2018 and FY2019). Round your answer to two decimal places. Address the question by using the line items and information shown within the income statement and the balance sheet.,"For General Mills, calculate the fiscal year 2019 cash conversion cycle (CCC), where CCC = DIO + DSO - DPO. Use these definitions: DIO = 365 * (average inventory across FY2018 and FY2019) / (FY2019 cost of goods sold, COGS); DSO = 365 * (average accounts receivable across FY2018 and FY2019) / (FY2019 revenue); DPO = 365 * (average accounts payable across FY2018 and FY2019) / (FY2019 COGS plus the change in inventory from FY2018 to FY2019). Give your answer rounded to two decimal places, drawing on the relevant figures from the income statement and balance sheet.</paraphrase>
</invoke>"
financebench_id_04171,"Basing your judgments off of the balance sheet, what is the year end FY2018 amount of accounts payable for MGM Resorts? Answer in USD millions.","According to the balance sheet, what was MGM Resorts' accounts payable balance at the close of fiscal year 2018, expressed in USD millions?"
financebench_id_04209,"Using only the information within the balance sheet, how much total assets did Costco have at the end of FY2021? Answer in USD millions.","Relying solely on the balance sheet data, what was Costco's total assets figure at the close of FY2021, expressed in USD millions?"
financebench_id_04254,"Basing your judgments off of the cash flow statement and the income statement, what is American Water Works's FY2021 unadjusted operating income + depreciation and amortization from the cash flow statement (unadjusted EBITDA) in USD millions?","Using data from American Water Works's income statement and cash flow statement, what was the company's FY2021 unadjusted EBITDA—calculated as operating income plus depreciation and amortization taken from the cash flow statement—expressed in millions of USD?"
financebench_id_04302,"We need to calculate a reasonable approximation (or exact number if possible) of a financial metric. Basing your judgment by information plainly provided in the statement of income, what is Nike's three year average of cost of goods sold as a % of revenue from FY2016 to FY2018? Answer in units of percents and round to one decimal place.","Using only the figures shown on the income statement, estimate—precisely if you can, or as a close approximation otherwise—Nike's average cost of goods sold expressed as a percentage of revenue across fiscal years 2016 through 2018. Give the result as a percentage rounded to one decimal place."
financebench_id_04412,"We need to calculate a reasonable approximation (or exact number if possible) of a financial metric. Basing your judgment by information plainly provided in the balance sheet and the P&L statement, what is Lockheed Martin's FY2020 asset turnover ratio? Asset turnover ratio is defined as: FY2020 revenue / (average total assets between FY2019 and FY2020). Round your answer to two decimal places.","Using only the figures shown in the balance sheet and income statement, estimate—giving an exact value where possible—Lockheed Martin's asset turnover ratio for fiscal year 2020, calculated as FY2020 revenue divided by the average total assets across FY2019 and FY2020, and round the result to two decimal places."
financebench_id_04417,What is the year end FY2019 total amount of inventories for Best Buy? Answer in USD millions. Base your judgments on the information provided primarily in the balance sheet.,"Using the balance sheet as the primary source, what was Best Buy's total inventories balance at the close of fiscal year 2019, expressed in millions of USD?"
financebench_id_04458,We want to calculate a financial metric. Please help us compute it by basing your answers off of the statement of income and the statement of cash flows. Here's the question: what is the FY2015 unadjusted EBITDA % margin for Netflix? Calculate unadjusted EBITDA using unadjusted operating income and D&A (from cash flow statement).,"Using the income statement and cash flow statement, determine Netflix's unadjusted EBITDA margin (as a percentage) for FY2015, computing unadjusted EBITDA from unadjusted operating income plus depreciation and amortization taken from the cash flow statement."
financebench_id_04481,What is the FY2022 unadjusted EBITDA % margin for PepsiCo? Calculate unadjusted EBITDA using unadjusted operating income and D&A (from cash flow statement). Give a response to the question by relying on the details shown in the statement of cash flows and the P&L statement.,"Using PepsiCo's cash flow statement and income statement, and computing unadjusted EBITDA from unadjusted operating income plus depreciation and amortization (per the cash flow statement), what was the resulting unadjusted EBITDA margin as a percentage for fiscal year 2022?"
financebench_id_04660,"Considering the data in the balance sheet, what is Block's (formerly known as Square) FY2016 working capital ratio? Define working capital ratio as total current assets divided by total current liabilities. Round your answer to two decimal places.","Using the balance sheet figures, calculate Block's (previously Square) working capital ratio for fiscal year 2016, where the ratio equals total current assets divided by total current liabilities, and provide the result rounded to two decimal places."
financebench_id_04672,Assume that you are a public equities analyst. Answer the following question by primarily using information that is shown in the balance sheet: what is the year end FY2018 net PPNE for 3M? Answer in USD billions.,"Acting in the role of a public equities analyst and relying mainly on the balance sheet, what was 3M's net property, plant and equipment at the close of fiscal year 2018, expressed in USD billions?"
financebench_id_04700,What is the FY2016 COGS for Microsoft? Please state answer in USD millions. Provide a response to the question by primarily using the statement of income.,"Using Microsoft's statement of income, what was the company's cost of goods sold for fiscal year 2016, expressed in millions of USD?"
financebench_id_04735,You are an investment banker and your only resource(s) to answer the following question is (are): the statement of financial position and the cash flow statement. Here's the question: what is the FY2015 operating cash flow ratio for Adobe? Operating cash flow ratio is defined as: cash from operations / total current liabilities. Round your answer to two decimal places.,"Acting as an investment banker with access only to the balance sheet and cash flow statement, determine Adobe's operating cash flow ratio for fiscal year 2015, calculated as cash from operations divided by total current liabilities, and give the result rounded to two decimal places."
financebench_id_04784,"Based on the information provided primarily in the statement of income, what is the FY2018 - FY2019 change in unadjusted operating income % margin for Walmart? Answer in units of percents and round to one decimal place.","Looking mainly at the income statement, how much did Walmart's unadjusted operating margin change from FY2018 to FY2019, expressed in percentage points rounded to one decimal place?"
financebench_id_04854,"According to the information provided in the statement of cash flows, what is the FY2020 free cash flow (FCF) for General Mills? FCF here is defined as: (cash from operations - capex). Answer in USD millions.","Based on General Mills' cash flow statement, what was its free cash flow (calculated as operating cash flow minus capital expenditures) for fiscal year 2020, expressed in millions of USD?"
financebench_id_04980,What is the FY2021 capital expenditure amount (in USD billions) for PepsiCo? Respond to the question by assuming the perspective of an investment analyst who can only use the details shown within the statement of cash flows.,"Using only the information presented in the statement of cash flows, and adopting the viewpoint of an investment analyst, what was PepsiCo's capital expenditure for fiscal year 2021, expressed in billions of USD?"
financebench_id_05718,How much (in USD billions) did American Water Works pay out in cash dividends for FY2020? Compute or extract the answer by primarily using the details outlined in the statement of cash flows.,"Using primarily the cash flow statement, determine the total amount, in billions of US dollars, that American Water Works distributed as cash dividends during fiscal year 2020."
financebench_id_05915,What is the FY2018 fixed asset turnover ratio for CVS Health? Fixed asset turnover ratio is defined as: FY2018 revenue / (average PP&E between FY2017 and FY2018). Round your answer to two decimal places. Calculate what was asked by utilizing the line items clearly shown in the P&L statement and the balance sheet.,"Using the P&L and balance sheet line items, calculate CVS Health's fixed asset turnover ratio for FY2018, where fixed asset turnover ratio is defined as FY2018 revenue divided by average PP&E across FY2017 and FY2018, and express the result rounded to two decimal places."
financebench_id_06247,What is FY2018 days payable outstanding (DPO) for Walmart? DPO is defined as: 365 * (average accounts payable between FY2017 and FY2018) / (FY2018 COGS + change in inventory between FY2017 and FY2018). Round your answer to two decimal places. Please base your judgments on the information provided primarily in the statement of financial position and the P&L statement.,"Calculate Walmart's days payable outstanding (DPO) for FY2018, using the formula: 365 * (average accounts payable across FY2017 and FY2018) / (FY2018 COGS plus the change in inventory from FY2017 to FY2018). Give your answer rounded to two decimal places, drawing mainly on data from the balance sheet and the income statement."
financebench_id_06272,What is Coca Cola's FY2022 dividend payout ratio (using total cash dividends paid and net income attributable to shareholders)? Round answer to two decimal places. Answer the question asked by assuming you only have access to information clearly displayed in the cash flow statement and the income statement.,"Based solely on figures found in the cash flow statement and income statement, what was Coca Cola's dividend payout ratio for fiscal year 2022, calculated as total cash dividends paid divided by net income attributable to shareholders? Express your answer rounded to two decimal places."
financebench_id_06655,What is Amazon's FY2017 days payable outstanding (DPO)? DPO is defined as: 365 * (average accounts payable between FY2016 and FY2017) / (FY2017 COGS + change in inventory between FY2016 and FY2017). Round your answer to two decimal places. Address the question by using the line items and information shown within the balance sheet and the P&L statement.,"Using the balance sheet and income statement figures, calculate Amazon's days payable outstanding (DPO) for fiscal year 2017, where DPO equals 365 multiplied by the average accounts payable across FY2016 and FY2017, divided by the sum of FY2017 COGS and the change in inventory from FY2016 to FY2017. Give the result rounded to two decimal places."
financebench_id_06741,What is the FY2018 - FY2020 3 year average unadjusted EBITDA % margin for Walmart? Define unadjusted EBITDA as unadjusted operating income + depreciation and amortization from the cash flow statement. Answer in units of percents and round to one decimal place. Calculate what was asked by utilizing the line items clearly shown in the P&L statement and the cash flow statement.,"For Walmart, what is the average unadjusted EBITDA margin, expressed as a percentage, across the three fiscal years FY2018 through FY2020? Define unadjusted EBITDA as unadjusted operating income plus depreciation and amortization sourced from the cash flow statement. Use the relevant line items from the P&L statement and the cash flow statement to compute this, and provide the answer as a percentage rounded to one decimal place."
financebench_id_07507,What is Adobe's year-over-year change in unadjusted operating income from FY2015 to FY2016 (in units of percents and round to one decimal place)? Give a solution to the question by using the income statement.,"Using the income statement, calculate the percentage change in Adobe's unadjusted operating income from FY2015 to FY2016, expressed as a percent rounded to one decimal place."
financebench_id_07661,"Using the cash flow statement, answer the following question to the best of your abilities: how much did Block (formerly known as Square) generate in cash flow from operating activities in FY2020? Answer in USD millions.","Based on the cash flow statement, what was the amount of cash generated from operating activities by Block (previously Square) during fiscal year 2020? Provide the answer in millions of USD."
financebench_id_07966,What is the FY2017 - FY2019 3 year average of capex as a % of revenue for Activision Blizzard? Answer in units of percents and round to one decimal place. Calculate (or extract) the answer from the statement of income and the cash flow statement.,"For Activision Blizzard, what was the average capital expenditure as a percentage of revenue over the three fiscal years FY2017-FY2019? Provide the answer in percents, rounded to one decimal place, calculating or extracting it from the income statement and the cash flow statement."
financebench_id_08135,What is Amazon's year-over-year change in revenue from FY2016 to FY2017 (in units of percents and round to one decimal place)? Calculate what was asked by utilizing the line items clearly shown in the statement of income.,"Using the figures reported on the income statement, calculate the percentage change in Amazon's revenue from fiscal year 2016 to fiscal year 2017, expressing the result as a percentage rounded to one decimal place."
financebench_id_08286,"By drawing conclusions from the information stated only in the income statement, what is Amazon's FY2019 net income attributable to shareholders (in USD millions)?","Based solely on the details provided in the income statement, what net income figure, attributable to shareholders, did Amazon report for fiscal year 2019, expressed in USD millions?"
financebench_id_09724,What is Coca Cola's FY2021 COGS % margin? Calculate what was asked by utilizing the line items clearly shown in the income statement.,"Using the figures presented directly in the income statement, determine Coca Cola's cost of goods sold as a percentage of revenue for fiscal year 2021."
financebench_id_10130,"Based on the information provided primarily in the balance sheet and the statement of income, what is FY2020 days payable outstanding (DPO) for Corning? DPO is defined as: 365 * (average accounts payable between FY2019 and FY2020) / (FY2020 COGS + change in inventory between FY2019 and FY2020). Round your answer to two decimal places.","Using data mainly from the balance sheet and income statement, calculate Corning's days payable outstanding (DPO) for FY2020, where DPO = 365 * (average accounts payable across FY2019 and FY2020) / (FY2020 COGS plus the change in inventory from FY2019 to FY2020). Give the result rounded to two decimal places."
financebench_id_10136,We want to calculate a financial metric. Please help us compute it by basing your answers off of the cash flow statement and the income statement. Here's the question: what is the FY2022 retention ratio (using total cash dividends paid and net income attributable to shareholders) for General Mills? Round answer to two decimal places.,"Using General Mills' income statement and cash flow statement, determine the company's retention ratio for FY2022, calculated from net income attributable to shareholders and total cash dividends paid, and express the result rounded to two decimal places."
financebench_id_10285,"We need to calculate a financial metric by using information only provided within the balance sheet. Please answer the following question: what is Boeing's year end FY2018 net property, plant, and equipment (in USD millions)?","Using only the data found in the balance sheet, determine the following: what was Boeing's net property, plant, and equipment, in millions of USD, at the close of fiscal year 2018?"
financebench_id_10420,"Based on the information provided primarily in the statement of financial position and the statement of income, what is AES's FY2022 return on assets (ROA)? ROA is defined as: FY2022 net income / (average total assets between FY2021 and FY2022). Round your answer to two decimal places.","Using data drawn mainly from the balance sheet and the income statement, calculate AES's return on assets (ROA) for fiscal year 2022, where ROA equals FY2022 net income divided by the average total assets across FY2021 and FY2022. Give your answer rounded to two decimal places."
financebench_id_10499,What is Kraft Heinz's FY2019 inventory turnover ratio? Inventory turnover ratio is defined as: (FY2019 COGS) / (average inventory between FY2018 and FY2019). Round your answer to two decimal places. Please base your judgments on the information provided primarily in the balance sheet and the P&L statement.,"Using figures mainly from the balance sheet and income statement, calculate Kraft Heinz's inventory turnover for FY2019, where the ratio equals FY2019 cost of goods sold divided by the average of inventory at the end of FY2018 and FY2019, and express the result rounded to two decimal places."
