custom_id,model,setting,question_used,gold_answer,answer,confidence,grade_primary,grade_method,your_verdict,your_notes
fb-00382-para--sonnet,sonnet,para,"For MGM, which region contributed the most to EBITDAR in fiscal year 2022?",Las Vegas resorts contributed ~90% of company level EBITDAR during FY2022.,"Las Vegas Strip Resorts, with $3,142,308 thousand of Adjusted Property EBITDAR for the twelve months ended December 31, 2022.",90,correct,ai_grader,,
fb-01079-para--sonnet,sonnet,para,"Which significant acquisitions did AMCOR complete during FY2021, FY2022, and FY2023?","Amcor completed these acquisitions during FY2023:
-100% equity interest of a flexibles manufacturing company in the Czech Republic
- 100% equity interest in a medical device packaging manufacturing site in
Shanghai, China.
-acquisition of a New Zealand-based leading manufacturer of state-of-the-art, automated protein
packaging machines.",CANNOT ANSWER,80,refused,refusal,,
fb-01091-para--haiku,haiku,para,"For fiscal year 2022, did Boeing disclose any significant litigation or legal proceedings still unresolved?",Yes. Multiple lawsuits have been filed against Boeing resulting from a 2018 Lion Air crash and a 2019 Ethiopian Airlines crash.,Yes,95,correct,ai_grader,,
fb-01476-oracle--opus,opus,oracle,"As of FY2023Q1, by how many percentage points did Pepsico raise full year guidance in respect of core constant currency EPS growth?",Pepsico raised full year guidance in respect of core constant currency EPS growth by 1 percentage point.,1 percentage point (from 8% to 9% core constant currency EPS growth),95,correct,ai_grader,,
fb-01928-para--opus,opus,para,"For fiscal year 2023, what figure did AMCOR report as its Adjusted Non-GAAP EBITDA?","AMCOR's Adj. EBITDA was $2,018mn in FY 2023","$2,018 million Adjusted EBITDA for the twelve months ended June 30, 2023",95,correct,ai_grader,,
fb-01935-para--haiku,haiku,para,"What main topic did AMCOR address in its 8-K filing submitted on July 1, 2022?","Amcor Finance (USA), Inc. and Amcor Flexibles North America, Inc., entered into supplemental indentures relating to Guaranteed Senior Notes due 2026 and 2028. This involved the substitution of the Substitute Issuer (Amcor Flexibles North America) for the Former Issuer (Amcor Finance) and the assumption of covenants under the indentures. (In essence a novation agreement)","Substitution of issuers on senior notes, specifically the substitution of Amcor Flexibles North America, Inc. (Substitute Issuer) for Amcor Finance (USA), Inc. (Former Issuer) under existing debt indentures.",90,correct,ai_grader,,
fb-02024-closedbook--haiku,haiku,closedbook,"As of FY 2021, how much did Verizon expect to pay for its retirees in 2024?","The estimated pension benefits were $1097 million, and the estimated health care and life insurance benefits were $862 million.",CANNOT ANSWER,10,refused,refusal,,
fb-02419-closedbook--sonnet,sonnet,closedbook,"As of Q2'2023, is Pfizer spinning off any large business segments?","Yes, it's spinning off Upjohn.","No, as of Q2 2023 Pfizer was not spinning off any large business segments (its major divestiture, the Upjohn spinoff that formed Viatris, had already been completed back in 2020).",45,incorrect,ai_grader,,
fb-03031-para--haiku,haiku,para,"Using only the figures presented on the balance sheet, and adopting the viewpoint of an investment analyst, calculate Lockheed Martin's net working capital for FY2021—computed as total current assets minus total current liabilities—expressing the result in millions of USD.",$5818.00,"$5,818 million",95,correct,numeric_parser,,
fb-04700-closedbook--haiku,haiku,closedbook,What is the FY2016 COGS for Microsoft? Please state answer in USD millions. Provide a response to the question by primarily using the statement of income.,$32780.00,$38.4 billion,52,incorrect,numeric_parser,,
fb-04980-oracle--opus,opus,oracle,What is the FY2021 capital expenditure amount (in USD billions) for PepsiCo? Respond to the question by assuming the perspective of an investment analyst who can only use the details shown within the statement of cash flows.,$4.60,"Approximately $4.6 billion (capital spending of $4,625 million in FY2021).",95,correct,numeric_parser,,
fb-00464-closedbook--sonnet,sonnet,closedbook,Is Boeing's business subject to cyclicality?,"Yes, Boeing's business is subject to cyclicality due to its exposure to the airline industry which is a cyclical industry.","Yes. Boeing's business is subject to significant cyclicality, primarily driven by the commercial aviation industry, which fluctuates with global economic conditions, airline profitability, fuel prices, and air travel demand. Its defense segment is also subject to cyclical government budget and procurement cycles.",80,correct,ai_grader,,
fb-00499-para--sonnet,sonnet,para,"Based on 3M's FY2022 financial data, would you characterize its business as capital-intensive?","No, the company is managing its CAPEX and Fixed Assets pretty efficiently, which is evident from below key metrics:
CAPEX/Revenue Ratio: 5.1%
Fixed assets/Total Assets: 20%
Return on Assets= 12.4%","Moderately capital-intensive. Net PP&E was $9,178 million against total assets of $46,455 million (~19.8%) and net sales of $34,229 million (~26.8% of sales), and capital expenditures were $1,749 million (~5.1% of sales) versus depreciation and amortization of $1,831 million. These ratios indicate a meaningful but not extreme reliance on fixed assets, consistent with a diversified industrial/manufacturing company rather than a highly capital-intensive business like utilities or heavy manufacturing.",55,correct,ai_grader,,
fb-00651-closedbook--haiku,haiku,closedbook,Is growth in JnJ's adjusted EPS expected to accelerate in FY2023?,"No, rate of growth in adjusted EPS is expected to decelerate slightly from 3.6% in FY2022 to 3.5% in FY2023.",CANNOT ANSWER,0,refused,refusal,,
fb-00757-oracle--sonnet,sonnet,oracle,Did AMD report customer concentration in FY22?,"Yes, one customer accounted for 16% of consolidated net revenue","Yes — one customer accounted for 16% of consolidated net revenue for the year ended December 31, 2022 (sales from the Gaming segment).",92,correct,ai_grader,,
fb-00956-oracle--haiku,haiku,oracle,Are JnJ's FY2022 financials that of a high growth company?,"No, JnJ's FY2022 financials are not of a high growth company as sales grew by 1.3% in FY2022.","No. FY2022 shows modest growth of 1.3% worldwide, down significantly from 13.6% in 2021. Five-year CAGR is 4.4% and ten-year CAGR is 3.5%, which are moderate growth rates, not high growth. Currency headwinds of -4.8% significantly impacted results.",78,correct,ai_grader,,
fb-00995-closedbook--sonnet,sonnet,closedbook,What are the major products and services that AMD sells as of FY22?,"AMD sells server microprocessors (CPUs) and graphics processing units (GPUs), data processing units (DPUs), Field Programmable Gate Arrays (FPGAs), and Adaptive System-on-Chip (SoC) products for data centers; CPUs, accelerated processing units (APUs) that integrate CPUs and GPUs, and chipsets for desktop and notebook personal computers; discrete GPUs, and semi-custom SoC products and development services; and embedded CPUs, GPUs, APUs, FPGAs, and Adaptive SoC products.","As of FY22 (fiscal year ended December 31, 2022), AMD's major products and services, organized by its four reportable segments, were: (1) Data Center segment — server microprocessors (EPYC CPUs), data center GPUs (Instinct accelerators for AI/HPC), and adaptive/embedded compute products used in servers; (2) Client segment — Ryzen desktop and notebook microprocessors/APUs, and chipsets for PCs; (3) Gaming segment — Radeon discrete graphics cards/GPUs for desktops and notebooks, and semi-custom SoC products (game console processors) sold to customers such as Microsoft (Xbox) and Sony (PlayStation); and (4) Embedded segment — embedded processors, FPGAs, and adaptive SoCs (largely from the Xilinx acquisition completed in February 2022), used in industrial, communications, automotive, and aerospace/defense applications. AMD also offers software, development tools, and solutions (e.g., ROCm software stack) supporting these hardware products.",75,correct,ai_grader,,
fb-02049-oracle--opus,opus,oracle,"Looking at VaR, did the risk that JPM faced in the second fiscal quarter of 2023 decrease compared to the same period in the prior year?",Yes. It decreased.,"Yes. Average Total VaR fell from $54 million in Q2 2022 to $47 million in Q2 2023, a decrease of $7 million (about 13%). Minimum Total VaR also declined from $41 million to $36 million and maximum Total VaR from $71 million to $56 million, so by the VaR measure JPM's market risk in the second fiscal quarter of 2023 was lower than in the same period of the prior year (driven mainly by risk reductions in Credit Portfolio VaR and fixed income).",97,correct,ai_grader,,
fb-03471-oracle--opus,opus,oracle,"By drawing conclusions from the information stated only in the statement of financial position, what is General Mills's FY2020 working capital ratio? Define working capital ratio as total current assets divided by total current liabilities. Round your answer to two decimal places.",0.68,0.68,98,correct,numeric_parser,,
fb-10420-closedbook--sonnet,sonnet,closedbook,"Based on the information provided primarily in the statement of financial position and the statement of income, what is AES's FY2022 return on assets (ROA)? ROA is defined as: FY2022 net income / (average total assets between FY2021 and FY2022). Round your answer to two decimal places.",-0.02,CANNOT ANSWER,0,refused,refusal,,
fsq-014-pert--haiku,haiku,pert,"What is the financial year end date for PCM, Inc.?","The fiscal year end date for PCM, Inc. is December 31st.","December 31, 2017",100,correct,ai_grader,,
fsq-014-unans--opus,opus,unans,"What is the fiscal year end date for PCM, Inc.?","The fiscal year end date for PCM, Inc. is December 31st.",CANNOT ANSWER,95,refused,compliance,,
fsq-058-unans--haiku,haiku,unans,What was the fiscal year end for Pioneer Power Solutions?,"Pioneer Power Solutions' fiscal year ended on December 31, 2018.",CANNOT ANSWER,0,refused,compliance,,
fsq-084-base--haiku,haiku,base,"What was the aggregate market value of the voting Common Stock held by nonaffiliates on March 19, 1999?","The aggregate market value of voting Common Stock held by nonaffiliates of the registrant was $184,044,861 based on the last reported sale price of the Common Stock on the Nasdaq consolidated transaction reporting system on March 19, 1999.","$184,044,861",95,correct,ai_grader,,
fsq-093-base--haiku,haiku,base,How many full service branch offices does CNB Bank operate?,CNB Bank operates 41 full-service branch offices.,41 full-service branch offices,99,correct,ai_grader,,
fsq-093-pert--haiku,haiku,pert,"full service branch offices, CNB Bank?",CNB Bank operates 41 full-service branch offices.,41,95,correct,ai_grader,,
fsq-093-pert--sonnet,sonnet,pert,"full service branch offices, CNB Bank?",CNB Bank operates 41 full-service branch offices.,41 full service branch offices,88,correct,ai_grader,,
fsq-134-base--sonnet,sonnet,base,What is the fiscal year end date for the 10-K report?,The fiscal year end date for the 10-K report is March 31.,"March 31, 2018",97,correct,ai_grader,,
fsq-139-pert--haiku,haiku,pert,Break down the revenue sources for 2019.,"For 2019, Helios Technologies anticipates total revenue to be between $590 million and $600 million. This breaks down into two segments: Hydraulics, projected to contribute between $464 million and $469 million, and Electronics, expected to contribute between $126 million and $131 million.","For 2019, consolidated revenue is expected to be between $590 million and $600 million, with the Hydraulics segment contributing between $464 million and $469 million and the Electronics segment contributing between $126 million and $131 million.",90,correct,ai_grader,,
fsq-202-pert--sonnet,sonnet,pert,Compare the financial results of 1997 to those of 1996.,"In 1997, Cerus Corporation experienced significant financial growth compared to 1996. Revenue increased substantially, driven by growth in revenue from Baxter, particularly due to milestone and license fee recognition related to the platelet program. Research and development expenses also saw a notable increase, primarily attributed to investments in platelet and plasma programs, including toxicology studies, compound manufacturing development, and clinical trials. General and administrative expenses increased due to company expansion and increased personnel. Interest income rose significantly in 1997, largely due to higher average cash balances from the company's initial public offering and a private placement to Baxter.","1997 results were worse than 1996: net loss grew to $14.7 million in 1997 from $10.2 million in 1996. Total revenue increased to approximately $6.9 million in 1997 (Baxter revenue of $6.2 million, 90% of total, plus government grant revenue of $660,000) from approximately $3.7 million in 1996 (Baxter revenue of $2.9 million, 79% of total, plus government grant revenue of $758,000). R&D expenses rose to $19.6 million in 1997 from $12.1 million in 1996. G&A expenses rose to $3.2 million in 1997 from $2.2 million in 1996. Interest income rose to approximately $1.2 million in 1997 from $482,000 in 1996. Interest expense was relatively unchanged (~$15,000 vs ~$18,000). Net cash used in operating activities increased to approximately $16.6 million in 1997 from $8.9 million in 1996. At year-end 1997 the Company had cash and cash equivalents of ~$11.6 million and short-term investments of ~$10.0 million, and an accumulated deficit of ~$34.9 million.",85,correct,ai_grader,,
