custom_id,grade_method,grade_primary,scale_error,grader_verdict
fb-00005-para--haiku,ai_grader,incorrect,False,incorrect
fb-00005-para--opus,ai_grader,incorrect,False,incorrect
fb-00005-para--sonnet,ai_grader,incorrect,False,incorrect
fb-00070-para--haiku,ai_grader,correct,False,correct
fb-00070-para--opus,ai_grader,correct,False,correct
fb-00070-para--sonnet,ai_grader,correct,False,correct
fb-00080-closedbook--haiku,refusal,refused,False,
fb-00080-closedbook--opus,ai_grader,incorrect,False,incorrect
fb-00080-closedbook--sonnet,ai_grader,correct,False,correct
fb-00080-oracle--haiku,ai_grader,incorrect,False,incorrect
fb-00080-oracle--opus,ai_grader,incorrect,False,incorrect
fb-00080-oracle--sonnet,ai_grader,incorrect,False,incorrect
fb-00080-para--haiku,ai_grader,incorrect,False,incorrect
fb-00080-para--opus,ai_grader,incorrect,False,incorrect
fb-00080-para--sonnet,ai_grader,incorrect,False,incorrect
fb-00206-para--haiku,refusal,refused,False,
fb-00206-para--opus,ai_grader,correct,False,correct
fb-00206-para--sonnet,refusal,refused,False,
fb-00215-closedbook--haiku,ai_grader,correct,False,correct
fb-00215-closedbook--opus,ai_grader,correct,False,correct
fb-00215-closedbook--sonnet,ai_grader,correct,False,correct
fb-00215-oracle--haiku,ai_grader,correct,False,correct
fb-00215-oracle--opus,ai_grader,correct,False,correct
fb-00215-oracle--sonnet,ai_grader,correct,False,correct
fb-00215-para--haiku,ai_grader,correct,False,correct
fb-00215-para--opus,ai_grader,correct,False,correct
fb-00215-para--sonnet,ai_grader,correct,False,correct
fb-00216-closedbook--haiku,refusal,refused,False,
fb-00216-closedbook--opus,ai_grader,incorrect,False,incorrect
fb-00216-closedbook--sonnet,ai_grader,incorrect,False,incorrect
fb-00216-oracle--haiku,ai_grader,incorrect,False,incorrect
fb-00216-oracle--opus,ai_grader,correct,False,correct
fb-00216-oracle--sonnet,ai_grader,correct,False,correct
fb-00216-para--haiku,ai_grader,incorrect,False,incorrect
fb-00216-para--opus,ai_grader,correct,False,correct
fb-00216-para--sonnet,ai_grader,correct,False,correct
fb-00222-para--haiku,ai_grader,incorrect,False,incorrect
fb-00222-para--opus,ai_grader,correct,False,correct
fb-00222-para--sonnet,ai_grader,correct,False,correct
fb-00283-closedbook--haiku,refusal,refused,False,
fb-00283-closedbook--opus,refusal,refused,False,
fb-00283-closedbook--sonnet,refusal,refused,False,
fb-00283-oracle--haiku,numeric_parser,incorrect,False,incorrect
fb-00283-oracle--opus,numeric_parser,incorrect,False,incorrect
fb-00283-oracle--sonnet,numeric_parser,incorrect,False,incorrect
fb-00283-para--haiku,numeric_parser,incorrect,False,incorrect
fb-00283-para--opus,numeric_parser,incorrect,False,incorrect
fb-00283-para--sonnet,numeric_parser,incorrect,False,incorrect
fb-00288-para--haiku,ai_grader,correct,False,correct
fb-00288-para--opus,ai_grader,correct,False,correct
fb-00288-para--sonnet,ai_grader,correct,False,correct
fb-00299-para--haiku,ai_grader,correct,False,correct
fb-00299-para--opus,ai_grader,incorrect,False,incorrect
fb-00299-para--sonnet,ai_grader,correct,False,correct
fb-00302-closedbook--haiku,ai_grader,correct,False,correct
fb-00302-closedbook--opus,ai_grader,correct,False,correct
fb-00302-closedbook--sonnet,ai_grader,correct,False,correct
fb-00302-oracle--haiku,ai_grader,correct,False,correct
fb-00302-oracle--opus,ai_grader,correct,False,correct
fb-00302-oracle--sonnet,ai_grader,correct,False,correct
fb-00302-para--haiku,ai_grader,correct,False,correct
fb-00302-para--opus,ai_grader,correct,False,correct
fb-00302-para--sonnet,ai_grader,correct,False,correct
fb-00382-closedbook--haiku,ai_grader,correct,False,correct
fb-00382-closedbook--opus,ai_grader,incorrect,False,incorrect
fb-00382-closedbook--sonnet,ai_grader,correct,False,correct
fb-00382-oracle--haiku,ai_grader,correct,False,correct
fb-00382-oracle--opus,ai_grader,correct,False,correct
fb-00382-oracle--sonnet,ai_grader,correct,False,correct
fb-00382-para--haiku,ai_grader,correct,False,correct
fb-00382-para--opus,ai_grader,correct,False,correct
fb-00382-para--sonnet,ai_grader,correct,False,correct
fb-00394-para--haiku,ai_grader,correct,False,correct
fb-00394-para--opus,ai_grader,correct,False,correct
fb-00394-para--sonnet,ai_grader,correct,False,correct
fb-00407-closedbook--haiku,refusal,refused,False,
fb-00407-closedbook--opus,refusal,refused,False,
fb-00407-closedbook--sonnet,refusal,refused,False,
fb-00407-oracle--haiku,ai_grader,correct,False,correct
fb-00407-oracle--opus,ai_grader,correct,False,correct
fb-00407-oracle--sonnet,ai_grader,correct,False,correct
fb-00407-para--haiku,ai_grader,correct,False,correct
fb-00407-para--opus,ai_grader,correct,False,correct
fb-00407-para--sonnet,ai_grader,correct,False,correct
fb-00438-para--haiku,ai_grader,correct,False,correct
fb-00438-para--opus,ai_grader,correct,False,correct
fb-00438-para--sonnet,ai_grader,correct,False,correct
fb-00460-para--haiku,ai_grader,correct,False,correct
fb-00460-para--opus,ai_grader,correct,False,correct
fb-00460-para--sonnet,ai_grader,incorrect,False,incorrect
fb-00464-para--haiku,ai_grader,correct,False,correct
fb-00464-para--opus,ai_grader,correct,False,correct
fb-00464-para--sonnet,ai_grader,correct,False,correct
fb-00476-para--haiku,refusal,refused,False,
fb-00476-para--opus,ai_grader,correct,False,correct
fb-00476-para--sonnet,ai_grader,correct,False,correct
fb-00494-para--haiku,ai_grader,correct,False,correct
fb-00494-para--opus,ai_grader,correct,False,correct
fb-00494-para--sonnet,ai_grader,correct,False,correct
fb-00517-para--haiku,ai_grader,correct,False,correct
fb-00517-para--opus,ai_grader,correct,False,correct
fb-00517-para--sonnet,ai_grader,correct,False,correct
fb-00521-closedbook--haiku,refusal,refused,False,
fb-00521-closedbook--opus,ai_grader,correct,False,correct
fb-00521-closedbook--sonnet,refusal,refused,False,
fb-00521-oracle--haiku,refusal,refused,False,
fb-00521-oracle--opus,ai_grader,correct,False,correct
fb-00521-oracle--sonnet,ai_grader,correct,False,correct
fb-00521-para--haiku,refusal,refused,False,
fb-00521-para--opus,ai_grader,correct,False,correct
fb-00521-para--sonnet,ai_grader,correct,False,correct
fb-00540-para--haiku,ai_grader,incorrect,False,incorrect
fb-00540-para--opus,ai_grader,incorrect,False,incorrect
fb-00540-para--sonnet,ai_grader,incorrect,False,incorrect
fb-00552-closedbook--haiku,ai_grader,incorrect,False,incorrect
fb-00552-closedbook--opus,ai_grader,correct,False,correct
fb-00552-closedbook--sonnet,refusal,refused,False,
fb-00552-oracle--haiku,ai_grader,correct,False,correct
fb-00552-oracle--opus,ai_grader,correct,False,correct
fb-00552-oracle--sonnet,ai_grader,correct,False,correct
fb-00552-para--haiku,ai_grader,correct,False,correct
fb-00552-para--opus,ai_grader,correct,False,correct
fb-00552-para--sonnet,ai_grader,correct,False,correct
fb-00563-para--haiku,ai_grader,correct,False,correct
fb-00563-para--opus,ai_grader,correct,False,correct
fb-00563-para--sonnet,ai_grader,correct,False,correct
fb-00566-closedbook--haiku,ai_grader,incorrect,False,incorrect
fb-00566-closedbook--opus,ai_grader,correct,False,correct
fb-00566-closedbook--sonnet,ai_grader,incorrect,False,incorrect
fb-00566-oracle--haiku,ai_grader,correct,False,correct
fb-00566-oracle--opus,ai_grader,correct,False,correct
fb-00566-oracle--sonnet,ai_grader,correct,False,correct
fb-00566-para--haiku,ai_grader,correct,False,correct
fb-00566-para--opus,ai_grader,correct,False,correct
fb-00566-para--sonnet,ai_grader,correct,False,correct
fb-00585-para--haiku,ai_grader,correct,False,correct
fb-00585-para--opus,ai_grader,incorrect,False,incorrect
fb-00585-para--sonnet,ai_grader,incorrect,False,incorrect
fb-00591-para--haiku,ai_grader,incorrect,False,incorrect
fb-00591-para--opus,ai_grader,correct,False,correct
fb-00591-para--sonnet,ai_grader,correct,False,correct
fb-00601-closedbook--haiku,ai_grader,incorrect,False,incorrect
fb-00601-closedbook--opus,refusal,refused,False,
fb-00601-closedbook--sonnet,ai_grader,incorrect,False,incorrect
fb-00601-oracle--haiku,refusal,refused,False,
fb-00601-oracle--opus,ai_grader,correct,False,correct
fb-00601-oracle--sonnet,refusal,refused,False,
fb-00601-para--haiku,refusal,refused,False,
fb-00601-para--opus,ai_grader,correct,False,correct
fb-00601-para--sonnet,refusal,refused,False,
fb-00603-closedbook--haiku,ai_grader,incorrect,False,incorrect
fb-00603-closedbook--opus,ai_grader,correct,False,correct
fb-00603-closedbook--sonnet,ai_grader,correct,False,correct
fb-00603-oracle--haiku,refusal,refused,False,
fb-00603-oracle--opus,ai_grader,correct,False,correct
fb-00603-oracle--sonnet,refusal,refused,False,
fb-00603-para--haiku,refusal,refused,False,
fb-00603-para--opus,ai_grader,correct,False,correct
fb-00603-para--sonnet,ai_grader,correct,False,correct
fb-00605-closedbook--haiku,refusal,refused,False,
fb-00605-closedbook--opus,refusal,refused,False,
fb-00605-closedbook--sonnet,refusal,refused,False,
fb-00605-oracle--haiku,refusal,refused,False,
fb-00605-oracle--opus,ai_grader,correct,False,correct
fb-00605-oracle--sonnet,ai_grader,correct,False,correct
fb-00605-para--haiku,refusal,refused,False,
fb-00605-para--opus,ai_grader,correct,False,correct
fb-00605-para--sonnet,ai_grader,correct,False,correct
fb-00606-closedbook--haiku,refusal,refused,False,
fb-00606-closedbook--opus,ai_grader,incorrect,False,incorrect
fb-00606-closedbook--sonnet,ai_grader,incorrect,False,incorrect
fb-00606-oracle--haiku,refusal,refused,False,
fb-00606-oracle--opus,ai_grader,correct,False,correct
fb-00606-oracle--sonnet,refusal,refused,False,
fb-00606-para--haiku,refusal,refused,False,
fb-00606-para--opus,ai_grader,correct,False,correct
fb-00606-para--sonnet,refusal,refused,False,
fb-00651-para--haiku,ai_grader,correct,False,correct
fb-00651-para--opus,ai_grader,correct,False,correct
fb-00651-para--sonnet,refusal,refused,False,
fb-00669-para--haiku,ai_grader,correct,False,correct
fb-00669-para--opus,ai_grader,correct,False,correct
fb-00669-para--sonnet,ai_grader,correct,False,correct
fb-00678-para--haiku,ai_grader,correct,False,correct
fb-00678-para--opus,ai_grader,correct,False,correct
fb-00678-para--sonnet,ai_grader,correct,False,correct
fb-00684-para--haiku,ai_grader,correct,False,correct
fb-00684-para--opus,ai_grader,correct,False,correct
fb-00684-para--sonnet,ai_grader,correct,False,correct
fb-00685-para--haiku,ai_grader,correct,False,correct
fb-00685-para--opus,ai_grader,correct,False,correct
fb-00685-para--sonnet,ai_grader,correct,False,correct
fb-00702-closedbook--haiku,refusal,refused,False,
fb-00702-closedbook--opus,ai_grader,correct,False,correct
fb-00702-closedbook--sonnet,ai_grader,correct,False,correct
fb-00702-oracle--haiku,ai_grader,correct,False,correct
fb-00702-oracle--opus,ai_grader,correct,False,correct
fb-00702-oracle--sonnet,ai_grader,correct,False,correct
fb-00702-para--haiku,ai_grader,correct,False,correct
fb-00702-para--opus,ai_grader,correct,False,correct
fb-00702-para--sonnet,ai_grader,correct,False,correct
fb-00705-closedbook--haiku,refusal,refused,False,
fb-00705-closedbook--opus,numeric_parser,correct,False,
fb-00705-closedbook--sonnet,refusal,refused,False,
fb-00705-oracle--haiku,numeric_parser,correct,False,
fb-00705-oracle--opus,numeric_parser,correct,False,
fb-00705-oracle--sonnet,numeric_parser,correct,False,
fb-00705-para--haiku,numeric_parser,correct,False,
fb-00705-para--opus,numeric_parser,correct,False,
fb-00705-para--sonnet,numeric_parser,correct,False,
fb-00711-para--haiku,ai_grader,correct,False,correct
fb-00711-para--opus,ai_grader,correct,False,correct
fb-00711-para--sonnet,ai_grader,correct,False,correct
fb-00720-para--haiku,ai_grader,correct,False,correct
fb-00720-para--opus,ai_grader,correct,False,correct
fb-00720-para--sonnet,ai_grader,correct,False,correct
fb-00723-para--haiku,ai_grader,incorrect,False,incorrect
fb-00723-para--opus,ai_grader,correct,False,correct
fb-00723-para--sonnet,ai_grader,correct,False,correct
fb-00724-closedbook--haiku,refusal,refused,False,
fb-00724-closedbook--opus,refusal,refused,False,
fb-00724-closedbook--sonnet,refusal,refused,False,
fb-00724-oracle--haiku,ai_grader,correct,False,correct
fb-00724-oracle--opus,ai_grader,correct,False,correct
fb-00724-oracle--sonnet,ai_grader,correct,False,correct
fb-00724-para--haiku,ai_grader,correct,False,correct
fb-00724-para--opus,ai_grader,correct,False,correct
fb-00724-para--sonnet,ai_grader,correct,False,correct
fb-00735-closedbook--haiku,refusal,refused,False,
fb-00735-closedbook--opus,ai_grader,correct,False,correct
fb-00735-closedbook--sonnet,ai_grader,correct,False,correct
fb-00735-oracle--haiku,ai_grader,correct,False,correct
fb-00735-oracle--opus,ai_grader,correct,False,correct
fb-00735-oracle--sonnet,ai_grader,correct,False,correct
fb-00735-para--haiku,ai_grader,correct,False,correct
fb-00735-para--opus,ai_grader,correct,False,correct
fb-00735-para--sonnet,ai_grader,correct,False,correct
fb-00746-closedbook--haiku,refusal,refused,False,
fb-00746-closedbook--opus,ai_grader,correct,False,correct
fb-00746-closedbook--sonnet,ai_grader,correct,False,correct
fb-00746-oracle--haiku,refusal,refused,False,
fb-00746-oracle--opus,ai_grader,correct,False,correct
fb-00746-oracle--sonnet,ai_grader,correct,False,correct
fb-00746-para--haiku,refusal,refused,False,
fb-00746-para--opus,ai_grader,correct,False,correct
fb-00746-para--sonnet,ai_grader,correct,False,correct
fb-00757-para--haiku,ai_grader,correct,False,correct
fb-00757-para--opus,ai_grader,correct,False,correct
fb-00757-para--sonnet,ai_grader,correct,False,correct
fb-00790-para--haiku,ai_grader,correct,False,correct
fb-00790-para--opus,ai_grader,incorrect,False,incorrect
fb-00790-para--sonnet,ai_grader,incorrect,False,incorrect
fb-00799-para--haiku,ai_grader,correct,False,correct
fb-00799-para--opus,ai_grader,incorrect,False,incorrect
fb-00799-para--sonnet,ai_grader,incorrect,False,incorrect
fb-00807-para--haiku,ai_grader,correct,False,correct
fb-00807-para--opus,ai_grader,incorrect,False,incorrect
fb-00807-para--sonnet,ai_grader,incorrect,False,incorrect
fb-00822-para--haiku,ai_grader,correct,False,correct
fb-00822-para--opus,ai_grader,correct,False,correct
fb-00822-para--sonnet,ai_grader,correct,False,correct
fb-00839-para--haiku,ai_grader,incorrect,False,incorrect
fb-00839-para--opus,ai_grader,correct,False,correct
fb-00839-para--sonnet,ai_grader,correct,False,correct
fb-00859-closedbook--haiku,refusal,refused,False,
fb-00859-closedbook--opus,ai_grader,correct,False,correct
fb-00859-closedbook--sonnet,ai_grader,correct,False,correct
fb-00859-oracle--haiku,ai_grader,correct,False,correct
fb-00859-oracle--opus,ai_grader,correct,False,correct
fb-00859-oracle--sonnet,ai_grader,correct,False,correct
fb-00859-para--haiku,ai_grader,correct,False,correct
fb-00859-para--opus,ai_grader,correct,False,correct
fb-00859-para--sonnet,ai_grader,correct,False,correct
fb-00882-closedbook--haiku,refusal,refused,False,
fb-00882-closedbook--opus,ai_grader,incorrect,False,incorrect
fb-00882-closedbook--sonnet,refusal,refused,False,
fb-00882-oracle--haiku,ai_grader,correct,False,correct
fb-00882-oracle--opus,ai_grader,correct,False,correct
fb-00882-oracle--sonnet,ai_grader,correct,False,correct
fb-00882-para--haiku,ai_grader,correct,False,correct
fb-00882-para--opus,ai_grader,correct,False,correct
fb-00882-para--sonnet,ai_grader,correct,False,correct
fb-00917-para--haiku,ai_grader,correct,False,correct
fb-00917-para--opus,ai_grader,correct,False,correct
fb-00917-para--sonnet,ai_grader,correct,False,correct
fb-00941-para--haiku,ai_grader,correct,False,correct
fb-00941-para--opus,ai_grader,correct,False,correct
fb-00941-para--sonnet,ai_grader,correct,False,correct
fb-00956-para--haiku,ai_grader,correct,False,correct
fb-00956-para--opus,ai_grader,correct,False,correct
fb-00956-para--sonnet,ai_grader,correct,False,correct
fb-00995-para--haiku,ai_grader,correct,False,correct
fb-00995-para--opus,ai_grader,correct,False,correct
fb-00995-para--sonnet,ai_grader,correct,False,correct
fb-01009-closedbook--haiku,ai_grader,incorrect,False,incorrect
fb-01009-closedbook--opus,ai_grader,correct,False,correct
fb-01009-closedbook--sonnet,ai_grader,incorrect,False,incorrect
fb-01009-oracle--haiku,ai_grader,correct,False,correct
fb-01009-oracle--opus,ai_grader,correct,False,correct
fb-01009-oracle--sonnet,ai_grader,correct,False,correct
fb-01009-para--haiku,ai_grader,correct,False,correct
fb-01009-para--opus,ai_grader,correct,False,correct
fb-01009-para--sonnet,ai_grader,correct,False,correct
fb-01028-para--haiku,ai_grader,correct,False,correct
fb-01028-para--opus,ai_grader,correct,False,correct
fb-01028-para--sonnet,ai_grader,correct,False,correct
fb-01077-para--haiku,ai_grader,correct,False,correct
fb-01077-para--opus,ai_grader,correct,False,correct
fb-01077-para--sonnet,ai_grader,correct,False,correct
fb-01079-para--haiku,ai_grader,correct,False,correct
fb-01079-para--opus,refusal,refused,False,
fb-01079-para--sonnet,refusal,refused,False,
fb-01091-para--haiku,ai_grader,correct,False,correct
fb-01091-para--opus,ai_grader,correct,False,correct
fb-01091-para--sonnet,ai_grader,correct,False,correct
fb-01107-para--haiku,ai_grader,correct,False,correct
fb-01107-para--opus,ai_grader,correct,False,correct
fb-01107-para--sonnet,ai_grader,correct,False,correct
fb-01148-para--haiku,ai_grader,correct,False,correct
fb-01148-para--opus,ai_grader,correct,False,correct
fb-01148-para--sonnet,ai_grader,correct,False,correct
fb-01163-closedbook--haiku,ai_grader,correct,False,correct
fb-01163-closedbook--opus,ai_grader,correct,False,correct
fb-01163-closedbook--sonnet,ai_grader,correct,False,correct
fb-01163-oracle--haiku,ai_grader,correct,False,correct
fb-01163-oracle--opus,ai_grader,correct,False,correct
fb-01163-oracle--sonnet,ai_grader,correct,False,correct
fb-01163-para--haiku,ai_grader,correct,False,correct
fb-01163-para--opus,ai_grader,correct,False,correct
fb-01163-para--sonnet,ai_grader,correct,False,correct
fb-01198-para--haiku,ai_grader,correct,False,correct
fb-01198-para--opus,ai_grader,correct,False,correct
fb-01198-para--sonnet,ai_grader,correct,False,correct
fb-01226-para--haiku,ai_grader,correct,False,correct
fb-01226-para--opus,ai_grader,correct,False,correct
fb-01226-para--sonnet,ai_grader,correct,False,correct
fb-01244-para--haiku,ai_grader,correct,False,correct
fb-01244-para--opus,ai_grader,correct,False,correct
fb-01244-para--sonnet,ai_grader,correct,False,correct
fb-01254-closedbook--haiku,refusal,refused,False,
fb-01254-closedbook--opus,ai_grader,correct,False,correct
fb-01254-closedbook--sonnet,ai_grader,incorrect,False,incorrect
fb-01254-oracle--haiku,ai_grader,correct,False,correct
fb-01254-oracle--opus,ai_grader,correct,False,correct
fb-01254-oracle--sonnet,ai_grader,correct,False,correct
fb-01254-para--haiku,ai_grader,correct,False,correct
fb-01254-para--opus,ai_grader,correct,False,correct
fb-01254-para--sonnet,ai_grader,correct,False,correct
fb-01275-para--haiku,ai_grader,correct,False,correct
fb-01275-para--opus,ai_grader,correct,False,correct
fb-01275-para--sonnet,ai_grader,correct,False,correct
fb-01279-para--haiku,ai_grader,correct,False,correct
fb-01279-para--opus,ai_grader,correct,False,correct
fb-01279-para--sonnet,ai_grader,correct,False,correct
fb-01290-para--haiku,ai_grader,correct,False,correct
fb-01290-para--opus,ai_grader,correct,False,correct
fb-01290-para--sonnet,refusal,refused,False,
fb-01319-para--haiku,numeric_parser,correct,False,
fb-01319-para--opus,numeric_parser,correct,False,
fb-01319-para--sonnet,numeric_parser,correct,False,
fb-01328-closedbook--haiku,refusal,refused,False,
fb-01328-closedbook--opus,ai_grader,incorrect,False,incorrect
fb-01328-closedbook--sonnet,ai_grader,incorrect,False,incorrect
fb-01328-oracle--haiku,ai_grader,correct,False,correct
fb-01328-oracle--opus,ai_grader,correct,False,correct
fb-01328-oracle--sonnet,ai_grader,correct,False,correct
fb-01328-para--haiku,ai_grader,correct,False,correct
fb-01328-para--opus,ai_grader,correct,False,correct
fb-01328-para--sonnet,ai_grader,correct,False,correct
fb-01346-para--haiku,ai_grader,correct,False,correct
fb-01346-para--opus,ai_grader,correct,False,correct
fb-01346-para--sonnet,ai_grader,correct,False,correct
fb-01351-para--haiku,ai_grader,correct,False,correct
fb-01351-para--opus,ai_grader,correct,False,correct
fb-01351-para--sonnet,ai_grader,correct,False,correct
fb-01474-closedbook--haiku,ai_grader,incorrect,False,incorrect
fb-01474-closedbook--opus,ai_grader,correct,False,correct
fb-01474-closedbook--sonnet,ai_grader,correct,False,correct
fb-01474-oracle--haiku,ai_grader,correct,False,correct
fb-01474-oracle--opus,ai_grader,correct,False,correct
fb-01474-oracle--sonnet,ai_grader,correct,False,correct
fb-01474-para--haiku,ai_grader,correct,False,correct
fb-01474-para--opus,ai_grader,correct,False,correct
fb-01474-para--sonnet,ai_grader,correct,False,correct
fb-01476-closedbook--haiku,refusal,refused,False,
fb-01476-closedbook--opus,ai_grader,correct,False,correct
fb-01476-closedbook--sonnet,refusal,refused,False,
fb-01476-oracle--haiku,ai_grader,correct,False,correct
fb-01476-oracle--opus,ai_grader,correct,False,correct
fb-01476-oracle--sonnet,ai_grader,correct,False,correct
fb-01476-para--haiku,ai_grader,correct,False,correct
fb-01476-para--opus,ai_grader,correct,False,correct
fb-01476-para--sonnet,ai_grader,correct,False,correct
fb-01482-closedbook--haiku,refusal,refused,False,
fb-01482-closedbook--opus,ai_grader,correct,False,correct
fb-01482-closedbook--sonnet,ai_grader,correct,False,correct
fb-01482-oracle--haiku,ai_grader,correct,False,correct
fb-01482-oracle--opus,ai_grader,correct,False,correct
fb-01482-oracle--sonnet,ai_grader,correct,False,correct
fb-01482-para--haiku,ai_grader,correct,False,correct
fb-01482-para--opus,ai_grader,correct,False,correct
fb-01482-para--sonnet,ai_grader,correct,False,correct
fb-01484-para--haiku,ai_grader,incorrect,False,incorrect
fb-01484-para--opus,ai_grader,correct,False,correct
fb-01484-para--sonnet,ai_grader,correct,False,correct
fb-01487-para--haiku,ai_grader,correct,False,correct
fb-01487-para--opus,ai_grader,correct,False,correct
fb-01487-para--sonnet,ai_grader,correct,False,correct
fb-01488-para--haiku,ai_grader,correct,False,correct
fb-01488-para--opus,ai_grader,correct,False,correct
fb-01488-para--sonnet,ai_grader,correct,False,correct
fb-01490-para--haiku,ai_grader,correct,False,correct
fb-01490-para--opus,ai_grader,correct,False,correct
fb-01490-para--sonnet,ai_grader,correct,False,correct
fb-01491-para--haiku,ai_grader,correct,False,correct
fb-01491-para--opus,ai_grader,correct,False,correct
fb-01491-para--sonnet,ai_grader,correct,False,correct
fb-01858-para--haiku,ai_grader,correct,False,correct
fb-01858-para--opus,ai_grader,correct,False,correct
fb-01858-para--sonnet,refusal,refused,False,
fb-01865-para--haiku,ai_grader,correct,False,correct
fb-01865-para--opus,ai_grader,correct,False,correct
fb-01865-para--sonnet,ai_grader,correct,False,correct
fb-01902-para--haiku,refusal,refused,False,
fb-01902-para--opus,refusal,refused,False,
fb-01902-para--sonnet,refusal,refused,False,
fb-01911-closedbook--haiku,refusal,refused,False,
fb-01911-closedbook--opus,refusal,refused,False,
fb-01911-closedbook--sonnet,refusal,refused,False,
fb-01911-oracle--haiku,ai_grader,incorrect,False,incorrect
fb-01911-oracle--opus,ai_grader,incorrect,False,incorrect
fb-01911-oracle--sonnet,refusal,refused,False,
fb-01911-para--haiku,ai_grader,incorrect,False,incorrect
fb-01911-para--opus,ai_grader,incorrect,False,incorrect
fb-01911-para--sonnet,refusal,refused,False,
fb-01912-closedbook--haiku,refusal,refused,False,
fb-01912-closedbook--opus,ai_grader,incorrect,False,incorrect
fb-01912-closedbook--sonnet,ai_grader,correct,False,correct
fb-01912-oracle--haiku,ai_grader,correct,False,correct
fb-01912-oracle--opus,ai_grader,correct,False,correct
fb-01912-oracle--sonnet,ai_grader,correct,False,correct
fb-01912-para--haiku,ai_grader,correct,False,correct
fb-01912-para--opus,ai_grader,correct,False,correct
fb-01912-para--sonnet,ai_grader,correct,False,correct
fb-01928-para--haiku,ai_grader,correct,False,correct
fb-01928-para--opus,ai_grader,correct,False,correct
fb-01928-para--sonnet,ai_grader,correct,False,correct
fb-01930-para--haiku,ai_grader,refused,False,refused
fb-01930-para--opus,ai_grader,correct,False,correct
fb-01930-para--sonnet,refusal,refused,False,
fb-01935-para--haiku,ai_grader,correct,False,correct
fb-01935-para--opus,ai_grader,correct,False,correct
fb-01935-para--sonnet,ai_grader,correct,False,correct
fb-01936-para--haiku,ai_grader,correct,False,correct
fb-01936-para--opus,ai_grader,correct,False,correct
fb-01936-para--sonnet,ai_grader,correct,False,correct
fb-01964-para--haiku,ai_grader,correct,False,correct
fb-01964-para--opus,ai_grader,correct,False,correct
fb-01964-para--sonnet,ai_grader,correct,False,correct
fb-01981-para--haiku,ai_grader,correct,False,correct
fb-01981-para--opus,ai_grader,correct,False,correct
fb-01981-para--sonnet,ai_grader,correct,False,correct
fb-02024-closedbook--haiku,refusal,refused,False,
fb-02024-closedbook--opus,refusal,refused,False,
fb-02024-closedbook--sonnet,refusal,refused,False,
fb-02024-oracle--haiku,ai_grader,correct,False,correct
fb-02024-oracle--opus,ai_grader,correct,False,correct
fb-02024-oracle--sonnet,ai_grader,correct,False,correct
fb-02024-para--haiku,ai_grader,correct,False,correct
fb-02024-para--opus,ai_grader,correct,False,correct
fb-02024-para--sonnet,ai_grader,correct,False,correct
fb-02049-para--haiku,ai_grader,correct,False,correct
fb-02049-para--opus,ai_grader,correct,False,correct
fb-02049-para--sonnet,ai_grader,correct,False,correct
fb-02119-para--haiku,refusal,refused,False,
fb-02119-para--opus,refusal,refused,False,
fb-02119-para--sonnet,refusal,refused,False,
fb-02416-closedbook--haiku,refusal,refused,False,
fb-02416-closedbook--opus,ai_grader,incorrect,False,incorrect
fb-02416-closedbook--sonnet,ai_grader,incorrect,False,incorrect
fb-02416-oracle--haiku,ai_grader,correct,False,correct
fb-02416-oracle--opus,ai_grader,correct,False,correct
fb-02416-oracle--sonnet,ai_grader,correct,False,correct
fb-02416-para--haiku,ai_grader,correct,False,correct
fb-02416-para--opus,ai_grader,correct,False,correct
fb-02416-para--sonnet,ai_grader,correct,False,correct
fb-02419-closedbook--haiku,refusal,refused,False,
fb-02419-closedbook--opus,ai_grader,incorrect,False,incorrect
fb-02419-closedbook--sonnet,ai_grader,incorrect,False,incorrect
fb-02419-oracle--haiku,ai_grader,incorrect,False,incorrect
fb-02419-oracle--opus,ai_grader,incorrect,False,incorrect
fb-02419-oracle--sonnet,ai_grader,incorrect,False,incorrect
fb-02419-para--haiku,ai_grader,incorrect,False,incorrect
fb-02419-para--opus,ai_grader,incorrect,False,incorrect
fb-02419-para--sonnet,ai_grader,incorrect,False,incorrect
fb-02608-para--haiku,numeric_parser,correct,False,
fb-02608-para--opus,numeric_parser,correct,False,
fb-02608-para--sonnet,numeric_parser,correct,False,
fb-02981-para--haiku,numeric_parser,correct,False,
fb-02981-para--opus,numeric_parser,correct,False,
fb-02981-para--sonnet,numeric_parser,correct,False,
fb-02987-para--haiku,numeric_parser,correct,False,
fb-02987-para--opus,numeric_parser,correct,False,
fb-02987-para--sonnet,numeric_parser,correct,False,
fb-03031-closedbook--haiku,numeric_parser,incorrect,False,incorrect
fb-03031-closedbook--opus,numeric_parser,correct,False,
fb-03031-closedbook--sonnet,numeric_parser,incorrect,False,incorrect
fb-03031-oracle--haiku,numeric_parser,correct,False,
fb-03031-oracle--opus,numeric_parser,correct,False,
fb-03031-oracle--sonnet,numeric_parser,correct,False,
fb-03031-para--haiku,numeric_parser,correct,False,
fb-03031-para--opus,numeric_parser,correct,False,
fb-03031-para--sonnet,numeric_parser,correct,False,
fb-03069-para--haiku,numeric_parser,correct,False,
fb-03069-para--opus,adjudicated,correct,True,correct
fb-03069-para--sonnet,numeric_parser,correct,False,
fb-03282-closedbook--haiku,refusal,refused,False,
fb-03282-closedbook--opus,numeric_parser,correct,False,
fb-03282-closedbook--sonnet,numeric_parser,incorrect,False,incorrect
fb-03282-oracle--haiku,numeric_parser,correct,False,
fb-03282-oracle--opus,numeric_parser,correct,False,
fb-03282-oracle--sonnet,numeric_parser,correct,False,
fb-03282-para--haiku,numeric_parser,correct,False,
fb-03282-para--opus,numeric_parser,correct,False,
fb-03282-para--sonnet,numeric_parser,correct,False,
fb-03471-para--haiku,numeric_parser,correct,False,
fb-03471-para--opus,numeric_parser,correct,False,
fb-03471-para--sonnet,numeric_parser,correct,False,
fb-03473-para--haiku,numeric_parser,correct,False,
fb-03473-para--opus,numeric_parser,correct,False,
fb-03473-para--sonnet,numeric_parser,correct,False,
fb-03531-closedbook--haiku,refusal,refused,False,
fb-03531-closedbook--opus,numeric_parser,correct,False,
fb-03531-closedbook--sonnet,numeric_parser,correct,False,
fb-03531-oracle--haiku,numeric_parser,correct,False,
fb-03531-oracle--opus,numeric_parser,correct,False,
fb-03531-oracle--sonnet,numeric_parser,correct,False,
fb-03531-para--haiku,numeric_parser,correct,False,
fb-03531-para--opus,numeric_parser,correct,False,
fb-03531-para--sonnet,numeric_parser,correct,False,
fb-03620-closedbook--haiku,numeric_parser,incorrect,True,incorrect
fb-03620-closedbook--opus,numeric_parser,correct,False,
fb-03620-closedbook--sonnet,numeric_parser,incorrect,False,incorrect
fb-03620-oracle--haiku,numeric_parser,correct,False,
fb-03620-oracle--opus,numeric_parser,correct,False,
fb-03620-oracle--sonnet,numeric_parser,correct,False,
fb-03620-para--haiku,numeric_parser,incorrect,False,incorrect
fb-03620-para--opus,numeric_parser,correct,False,
fb-03620-para--sonnet,numeric_parser,correct,False,
fb-03718-closedbook--haiku,refusal,refused,False,
fb-03718-closedbook--opus,numeric_parser,correct,False,
fb-03718-closedbook--sonnet,numeric_parser,incorrect,False,incorrect
fb-03718-oracle--haiku,numeric_parser,correct,False,
fb-03718-oracle--opus,numeric_parser,correct,False,
fb-03718-oracle--sonnet,numeric_parser,correct,False,
fb-03718-para--haiku,numeric_parser,correct,False,
fb-03718-para--opus,numeric_parser,correct,False,
fb-03718-para--sonnet,numeric_parser,correct,False,
fb-03838-para--haiku,numeric_parser,correct,False,
fb-03838-para--opus,numeric_parser,correct,False,
fb-03838-para--sonnet,numeric_parser,correct,False,
fb-03849-closedbook--haiku,refusal,refused,False,
fb-03849-closedbook--opus,numeric_parser,correct,False,
fb-03849-closedbook--sonnet,numeric_parser,incorrect,False,incorrect
fb-03849-oracle--haiku,numeric_parser,correct,False,
fb-03849-oracle--opus,numeric_parser,correct,False,
fb-03849-oracle--sonnet,numeric_parser,correct,False,
fb-03849-para--haiku,numeric_parser,correct,False,
fb-03849-para--opus,numeric_parser,correct,False,
fb-03849-para--sonnet,numeric_parser,correct,False,
fb-03856-para--haiku,numeric_parser,correct,False,
fb-03856-para--opus,numeric_parser,correct,False,
fb-03856-para--sonnet,numeric_parser,correct,False,
fb-03882-para--haiku,numeric_parser,correct,False,
fb-03882-para--sonnet,numeric_parser,correct,False,
fb-04080-closedbook--haiku,numeric_parser,incorrect,False,incorrect
fb-04080-closedbook--opus,numeric_parser,correct,False,
fb-04080-closedbook--sonnet,numeric_parser,incorrect,False,incorrect
fb-04080-oracle--haiku,numeric_parser,correct,False,
fb-04080-oracle--opus,numeric_parser,correct,False,
fb-04080-oracle--sonnet,numeric_parser,correct,False,
fb-04080-para--haiku,numeric_parser,correct,False,
fb-04080-para--opus,numeric_parser,correct,False,
fb-04080-para--sonnet,numeric_parser,correct,False,
fb-04103-para--haiku,numeric_parser,incorrect,False,incorrect
fb-04103-para--opus,numeric_parser,correct,False,
fb-04103-para--sonnet,numeric_parser,correct,False,
fb-04171-closedbook--haiku,refusal,refused,False,
fb-04171-closedbook--opus,refusal,refused,False,
fb-04171-closedbook--sonnet,refusal,refused,False,
fb-04171-oracle--haiku,numeric_parser,correct,False,
fb-04171-oracle--opus,numeric_parser,correct,False,
fb-04171-oracle--sonnet,numeric_parser,correct,False,
fb-04171-para--haiku,numeric_parser,correct,False,
fb-04171-para--opus,numeric_parser,correct,False,
fb-04171-para--sonnet,numeric_parser,correct,False,
fb-04209-para--haiku,numeric_parser,correct,False,
fb-04209-para--opus,numeric_parser,correct,False,
fb-04209-para--sonnet,numeric_parser,correct,False,
fb-04254-para--haiku,numeric_parser,correct,False,
fb-04254-para--opus,numeric_parser,correct,False,
fb-04254-para--sonnet,numeric_parser,correct,False,
fb-04302-closedbook--haiku,numeric_parser,correct,False,
fb-04302-closedbook--opus,numeric_parser,correct,False,
fb-04302-closedbook--sonnet,numeric_parser,correct,False,
fb-04302-oracle--haiku,numeric_parser,correct,False,
fb-04302-oracle--opus,numeric_parser,correct,False,
fb-04302-oracle--sonnet,numeric_parser,correct,False,
fb-04302-para--haiku,numeric_parser,correct,False,
fb-04302-para--opus,numeric_parser,correct,False,
fb-04302-para--sonnet,numeric_parser,correct,False,
fb-04412-closedbook--haiku,numeric_parser,incorrect,False,incorrect
fb-04412-closedbook--opus,numeric_parser,correct,False,
fb-04412-closedbook--sonnet,numeric_parser,correct,False,
fb-04412-oracle--haiku,numeric_parser,correct,False,
fb-04412-oracle--opus,numeric_parser,correct,False,
fb-04412-oracle--sonnet,numeric_parser,correct,False,
fb-04412-para--haiku,numeric_parser,correct,False,
fb-04412-para--opus,numeric_parser,correct,False,
fb-04412-para--sonnet,numeric_parser,correct,False,
fb-04417-para--haiku,numeric_parser,correct,False,
fb-04417-para--opus,numeric_parser,correct,False,
fb-04417-para--sonnet,numeric_parser,correct,False,
fb-04458-closedbook--haiku,numeric_parser,incorrect,False,incorrect
fb-04458-closedbook--opus,numeric_parser,correct,False,
fb-04458-closedbook--sonnet,refusal,refused,False,
fb-04458-oracle--haiku,numeric_parser,incorrect,False,incorrect
fb-04458-oracle--opus,numeric_parser,correct,False,
fb-04458-oracle--sonnet,numeric_parser,correct,False,
fb-04458-para--haiku,numeric_parser,incorrect,False,incorrect
fb-04458-para--opus,numeric_parser,correct,False,
fb-04458-para--sonnet,numeric_parser,correct,False,
fb-04481-closedbook--haiku,refusal,refused,False,
fb-04481-closedbook--opus,numeric_parser,correct,False,
fb-04481-closedbook--sonnet,numeric_parser,correct,False,
fb-04481-oracle--haiku,numeric_parser,correct,False,
fb-04481-oracle--opus,numeric_parser,correct,False,
fb-04481-oracle--sonnet,numeric_parser,correct,False,
fb-04481-para--haiku,numeric_parser,correct,False,
fb-04481-para--opus,numeric_parser,correct,False,
fb-04481-para--sonnet,numeric_parser,correct,False,
fb-04660-para--haiku,numeric_parser,correct,False,
fb-04660-para--opus,numeric_parser,incorrect,False,incorrect
fb-04660-para--sonnet,numeric_parser,correct,False,
fb-04700-closedbook--haiku,numeric_parser,incorrect,False,incorrect
fb-04700-closedbook--opus,numeric_parser,correct,False,
fb-04700-closedbook--sonnet,refusal,refused,False,
fb-04700-oracle--haiku,numeric_parser,correct,False,
fb-04700-oracle--opus,numeric_parser,correct,False,
fb-04700-oracle--sonnet,numeric_parser,correct,False,
fb-04700-para--haiku,numeric_parser,correct,False,
fb-04700-para--opus,numeric_parser,correct,False,
fb-04700-para--sonnet,numeric_parser,correct,False,
fb-04735-para--haiku,numeric_parser,correct,False,
fb-04735-para--opus,numeric_parser,correct,False,
fb-04735-para--sonnet,numeric_parser,correct,False,
fb-04784-closedbook--haiku,refusal,refused,False,
fb-04784-closedbook--opus,numeric_parser,correct,False,
fb-04784-closedbook--sonnet,numeric_parser,correct,False,
fb-04784-oracle--haiku,numeric_parser,correct,False,
fb-04784-oracle--opus,numeric_parser,correct,False,
fb-04784-oracle--sonnet,numeric_parser,correct,False,
fb-04784-para--haiku,numeric_parser,correct,False,
fb-04784-para--opus,numeric_parser,correct,False,
fb-04784-para--sonnet,numeric_parser,correct,False,
fb-04854-para--haiku,numeric_parser,correct,False,
fb-04854-para--opus,numeric_parser,correct,False,
fb-04854-para--sonnet,numeric_parser,correct,False,
fb-04980-closedbook--haiku,refusal,refused,False,
fb-04980-closedbook--opus,numeric_parser,correct,False,
fb-04980-closedbook--sonnet,numeric_parser,correct,False,
fb-04980-oracle--haiku,numeric_parser,correct,False,
fb-04980-oracle--opus,numeric_parser,correct,False,
fb-04980-oracle--sonnet,numeric_parser,correct,False,
fb-04980-para--haiku,numeric_parser,correct,False,
fb-04980-para--opus,numeric_parser,correct,False,
fb-04980-para--sonnet,numeric_parser,correct,False,
fb-05718-para--haiku,numeric_parser,incorrect,False,incorrect
fb-05718-para--opus,numeric_parser,incorrect,False,incorrect
fb-05718-para--sonnet,numeric_parser,incorrect,False,incorrect
fb-05915-para--haiku,numeric_parser,correct,False,
fb-05915-para--opus,numeric_parser,correct,False,
fb-05915-para--sonnet,numeric_parser,correct,False,
fb-06247-closedbook--haiku,numeric_parser,incorrect,False,incorrect
fb-06247-closedbook--opus,numeric_parser,correct,False,
fb-06247-closedbook--sonnet,numeric_parser,correct,False,
fb-06247-oracle--haiku,numeric_parser,correct,False,
fb-06247-oracle--opus,numeric_parser,correct,False,
fb-06247-oracle--sonnet,numeric_parser,correct,False,
fb-06247-para--haiku,numeric_parser,correct,False,
fb-06247-para--opus,numeric_parser,correct,False,
fb-06247-para--sonnet,numeric_parser,correct,False,
fb-06272-para--haiku,numeric_parser,correct,False,
fb-06272-para--opus,numeric_parser,correct,False,
fb-06272-para--sonnet,numeric_parser,correct,False,
fb-06655-para--haiku,numeric_parser,correct,False,
fb-06655-para--opus,numeric_parser,correct,False,
fb-06655-para--sonnet,numeric_parser,correct,False,
fb-06741-closedbook--haiku,numeric_parser,incorrect,False,incorrect
fb-06741-closedbook--opus,numeric_parser,correct,False,
fb-06741-closedbook--sonnet,numeric_parser,correct,False,
fb-06741-oracle--haiku,numeric_parser,correct,False,
fb-06741-oracle--opus,numeric_parser,correct,False,
fb-06741-oracle--sonnet,numeric_parser,correct,False,
fb-06741-para--haiku,numeric_parser,correct,False,
fb-06741-para--opus,numeric_parser,correct,False,
fb-06741-para--sonnet,numeric_parser,correct,False,
fb-07507-para--haiku,numeric_parser,correct,False,
fb-07507-para--opus,numeric_parser,correct,False,
fb-07507-para--sonnet,numeric_parser,correct,False,
fb-07661-para--haiku,numeric_parser,correct,False,
fb-07661-para--opus,numeric_parser,correct,False,
fb-07661-para--sonnet,numeric_parser,correct,False,
fb-07966-para--haiku,numeric_parser,correct,False,
fb-07966-para--opus,numeric_parser,correct,False,
fb-07966-para--sonnet,numeric_parser,correct,False,
fb-08135-para--haiku,numeric_parser,correct,False,
fb-08135-para--opus,numeric_parser,correct,False,
fb-08135-para--sonnet,numeric_parser,correct,False,
fb-08286-para--haiku,numeric_parser,correct,False,
fb-08286-para--opus,numeric_parser,correct,False,
fb-08286-para--sonnet,numeric_parser,correct,False,
fb-09724-para--haiku,numeric_parser,correct,False,
fb-09724-para--opus,numeric_parser,correct,False,
fb-09724-para--sonnet,numeric_parser,correct,False,
fb-10130-para--haiku,numeric_parser,correct,False,
fb-10130-para--opus,numeric_parser,correct,False,
fb-10130-para--sonnet,numeric_parser,correct,False,
fb-10136-para--haiku,numeric_parser,correct,False,
fb-10136-para--opus,numeric_parser,correct,False,
fb-10136-para--sonnet,numeric_parser,correct,False,
fb-10285-para--haiku,numeric_parser,correct,False,
fb-10285-para--opus,numeric_parser,correct,False,
fb-10285-para--sonnet,numeric_parser,correct,False,
fb-10420-para--haiku,numeric_parser,correct,False,
fb-10420-para--opus,numeric_parser,incorrect,False,incorrect
fb-10420-para--sonnet,numeric_parser,correct,False,
fb-10499-closedbook--haiku,numeric_parser,incorrect,False,incorrect
fb-10499-closedbook--opus,numeric_parser,correct,False,
fb-10499-closedbook--sonnet,numeric_parser,incorrect,False,incorrect
fb-10499-oracle--opus,numeric_parser,correct,False,
fb-10499-para--haiku,numeric_parser,correct,False,
fb-10499-para--opus,numeric_parser,correct,False,
fb-10499-para--sonnet,numeric_parser,correct,False,
fb-00005-closedbook--haiku,ai_grader,incorrect,False,incorrect
fb-00005-closedbook--opus,ai_grader,incorrect,False,incorrect
fb-00005-closedbook--sonnet,ai_grader,incorrect,False,incorrect
fb-00005-oracle--haiku,ai_grader,incorrect,False,incorrect
fb-00005-oracle--opus,ai_grader,incorrect,False,incorrect
fb-00005-oracle--sonnet,ai_grader,incorrect,False,incorrect
fb-00070-closedbook--haiku,refusal,refused,False,
fb-00070-closedbook--opus,ai_grader,incorrect,False,incorrect
fb-00070-closedbook--sonnet,ai_grader,correct,False,correct
fb-00070-oracle--haiku,ai_grader,correct,False,correct
fb-00070-oracle--opus,ai_grader,correct,False,correct
fb-00070-oracle--sonnet,ai_grader,correct,False,correct
fb-00206-closedbook--haiku,ai_grader,correct,False,correct
fb-00206-closedbook--opus,ai_grader,correct,False,correct
fb-00206-closedbook--sonnet,ai_grader,correct,False,correct
fb-00206-oracle--haiku,refusal,refused,False,
fb-00206-oracle--opus,ai_grader,correct,False,correct
fb-00206-oracle--sonnet,ai_grader,correct,False,correct
fb-00222-closedbook--haiku,ai_grader,incorrect,False,incorrect
fb-00222-closedbook--opus,ai_grader,correct,False,correct
fb-00222-closedbook--sonnet,ai_grader,incorrect,False,incorrect
fb-00222-oracle--haiku,ai_grader,correct,False,correct
fb-00222-oracle--opus,ai_grader,correct,False,correct
fb-00222-oracle--sonnet,ai_grader,incorrect,False,incorrect
fb-00288-closedbook--haiku,refusal,refused,False,
fb-00288-closedbook--opus,refusal,refused,False,
fb-00288-closedbook--sonnet,refusal,refused,False,
fb-00288-oracle--haiku,ai_grader,correct,False,correct
fb-00288-oracle--opus,ai_grader,correct,False,correct
fb-00288-oracle--sonnet,ai_grader,correct,False,correct
fb-00299-closedbook--haiku,refusal,refused,False,
fb-00299-closedbook--opus,ai_grader,incorrect,False,incorrect
fb-00299-closedbook--sonnet,ai_grader,incorrect,False,incorrect
fb-00299-oracle--haiku,ai_grader,correct,False,correct
fb-00299-oracle--opus,ai_grader,incorrect,False,incorrect
fb-00299-oracle--sonnet,ai_grader,correct,False,correct
fb-00394-closedbook--haiku,ai_grader,correct,False,correct
fb-00394-closedbook--opus,ai_grader,correct,False,correct
fb-00394-closedbook--sonnet,ai_grader,correct,False,correct
fb-00394-oracle--haiku,ai_grader,correct,False,correct
fb-00394-oracle--opus,ai_grader,correct,False,correct
fb-00394-oracle--sonnet,ai_grader,correct,False,correct
fb-00438-closedbook--haiku,refusal,refused,False,
fb-00438-closedbook--opus,ai_grader,correct,False,correct
fb-00438-closedbook--sonnet,ai_grader,correct,False,correct
fb-00438-oracle--haiku,ai_grader,correct,False,correct
fb-00438-oracle--opus,ai_grader,correct,False,correct
fb-00438-oracle--sonnet,ai_grader,correct,False,correct
fb-00460-closedbook--haiku,refusal,refused,False,
fb-00460-closedbook--opus,ai_grader,incorrect,False,incorrect
fb-00460-closedbook--sonnet,refusal,refused,False,
fb-00460-oracle--haiku,ai_grader,incorrect,False,incorrect
fb-00460-oracle--opus,ai_grader,incorrect,False,incorrect
fb-00460-oracle--sonnet,ai_grader,incorrect,False,incorrect
fb-00464-closedbook--haiku,ai_grader,correct,False,correct
fb-00464-closedbook--opus,ai_grader,correct,False,correct
fb-00464-closedbook--sonnet,ai_grader,correct,False,correct
fb-00464-oracle--haiku,ai_grader,correct,False,correct
fb-00464-oracle--opus,ai_grader,correct,False,correct
fb-00464-oracle--sonnet,ai_grader,correct,False,correct
fb-00476-closedbook--haiku,refusal,refused,False,
fb-00476-closedbook--opus,ai_grader,correct,False,correct
fb-00476-closedbook--sonnet,refusal,refused,False,
fb-00476-oracle--haiku,refusal,refused,False,
fb-00476-oracle--opus,ai_grader,correct,False,correct
fb-00476-oracle--sonnet,refusal,refused,False,
fb-00494-closedbook--haiku,ai_grader,incorrect,False,incorrect
fb-00494-closedbook--opus,ai_grader,incorrect,False,incorrect
fb-00494-closedbook--sonnet,ai_grader,incorrect,False,incorrect
fb-00494-oracle--haiku,ai_grader,correct,False,correct
fb-00494-oracle--opus,ai_grader,correct,False,correct
fb-00494-oracle--sonnet,ai_grader,correct,False,correct
fb-00499-closedbook--haiku,ai_grader,incorrect,False,incorrect
fb-00499-closedbook--opus,ai_grader,correct,False,correct
fb-00499-closedbook--sonnet,ai_grader,incorrect,False,incorrect
fb-00499-oracle--haiku,ai_grader,incorrect,False,incorrect
fb-00499-oracle--opus,ai_grader,correct,False,correct
fb-00499-oracle--sonnet,ai_grader,correct,False,correct
fb-00499-para--haiku,ai_grader,incorrect,False,incorrect
fb-00499-para--opus,ai_grader,correct,False,correct
fb-00499-para--sonnet,ai_grader,correct,False,correct
fb-00517-closedbook--haiku,ai_grader,incorrect,False,incorrect
fb-00517-closedbook--opus,ai_grader,correct,False,correct
fb-00517-closedbook--sonnet,ai_grader,incorrect,False,incorrect
fb-00517-oracle--haiku,ai_grader,correct,False,correct
fb-00517-oracle--opus,ai_grader,correct,False,correct
fb-00517-oracle--sonnet,ai_grader,correct,False,correct
fb-00540-closedbook--haiku,refusal,refused,False,
fb-00540-closedbook--opus,ai_grader,incorrect,False,incorrect
fb-00540-closedbook--sonnet,refusal,refused,False,
fb-00540-oracle--haiku,ai_grader,incorrect,False,incorrect
fb-00540-oracle--opus,ai_grader,incorrect,False,incorrect
fb-00540-oracle--sonnet,ai_grader,incorrect,False,incorrect
fb-00563-closedbook--haiku,ai_grader,correct,False,correct
fb-00563-closedbook--opus,ai_grader,correct,False,correct
fb-00563-closedbook--sonnet,ai_grader,correct,False,correct
fb-00563-oracle--haiku,ai_grader,correct,False,correct
fb-00563-oracle--opus,ai_grader,correct,False,correct
fb-00563-oracle--sonnet,ai_grader,correct,False,correct
fb-00585-closedbook--haiku,refusal,refused,False,
fb-00585-closedbook--opus,ai_grader,correct,False,correct
fb-00585-closedbook--sonnet,refusal,refused,False,
fb-00585-oracle--haiku,ai_grader,correct,False,correct
fb-00585-oracle--opus,ai_grader,correct,False,correct
fb-00585-oracle--sonnet,ai_grader,correct,False,correct
fb-00591-closedbook--haiku,refusal,refused,False,
fb-00591-closedbook--opus,ai_grader,correct,False,correct
fb-00591-closedbook--sonnet,ai_grader,correct,False,correct
fb-00591-oracle--haiku,ai_grader,correct,False,correct
fb-00591-oracle--opus,ai_grader,correct,False,correct
fb-00591-oracle--sonnet,ai_grader,correct,False,correct
fb-00651-closedbook--haiku,refusal,refused,False,
fb-00651-closedbook--opus,ai_grader,incorrect,False,incorrect
fb-00651-closedbook--sonnet,ai_grader,correct,False,correct
fb-00651-oracle--haiku,ai_grader,correct,False,correct
fb-00651-oracle--opus,ai_grader,correct,False,correct
fb-00651-oracle--sonnet,ai_grader,correct,False,correct
fb-00669-closedbook--haiku,refusal,refused,False,
fb-00669-closedbook--opus,ai_grader,correct,False,correct
fb-00669-closedbook--sonnet,ai_grader,incorrect,False,incorrect
fb-00669-oracle--haiku,ai_grader,correct,False,correct
fb-00669-oracle--opus,ai_grader,correct,False,correct
fb-00669-oracle--sonnet,ai_grader,correct,False,correct
fb-00678-closedbook--haiku,ai_grader,incorrect,False,incorrect
fb-00678-closedbook--opus,ai_grader,correct,False,correct
fb-00678-closedbook--sonnet,ai_grader,incorrect,False,incorrect
fb-00678-oracle--haiku,ai_grader,correct,False,correct
fb-00678-oracle--opus,ai_grader,correct,False,correct
fb-00678-oracle--sonnet,ai_grader,correct,False,correct
fb-00684-closedbook--haiku,refusal,refused,False,
fb-00684-closedbook--opus,ai_grader,correct,False,correct
fb-00684-closedbook--sonnet,refusal,refused,False,
fb-00684-oracle--haiku,ai_grader,correct,False,correct
fb-00684-oracle--opus,ai_grader,correct,False,correct
fb-00684-oracle--sonnet,ai_grader,correct,False,correct
fb-00685-closedbook--haiku,ai_grader,incorrect,False,incorrect
fb-00685-closedbook--opus,ai_grader,correct,False,correct
fb-00685-closedbook--sonnet,ai_grader,correct,False,correct
fb-00685-oracle--haiku,ai_grader,correct,False,correct
fb-00685-oracle--opus,ai_grader,correct,False,correct
fb-00685-oracle--sonnet,ai_grader,correct,False,correct
fb-00711-closedbook--haiku,ai_grader,incorrect,False,incorrect
fb-00711-closedbook--opus,ai_grader,correct,False,correct
fb-00711-closedbook--sonnet,ai_grader,incorrect,False,incorrect
fb-00711-oracle--haiku,ai_grader,correct,False,correct
fb-00711-oracle--opus,ai_grader,correct,False,correct
fb-00711-oracle--sonnet,ai_grader,correct,False,correct
fb-00720-closedbook--haiku,ai_grader,correct,False,correct
fb-00720-closedbook--opus,ai_grader,correct,False,correct
fb-00720-closedbook--sonnet,ai_grader,correct,False,correct
fb-00720-oracle--haiku,ai_grader,correct,False,correct
fb-00720-oracle--opus,ai_grader,correct,False,correct
fb-00720-oracle--sonnet,ai_grader,correct,False,correct
fb-00723-closedbook--haiku,ai_grader,incorrect,False,incorrect
fb-00723-closedbook--opus,ai_grader,correct,False,correct
fb-00723-closedbook--sonnet,ai_grader,correct,False,correct
fb-00723-oracle--haiku,ai_grader,correct,False,correct
fb-00723-oracle--opus,ai_grader,correct,False,correct
fb-00723-oracle--sonnet,ai_grader,correct,False,correct
fb-00757-closedbook--haiku,ai_grader,correct,False,correct
fb-00757-closedbook--opus,ai_grader,correct,False,correct
fb-00757-closedbook--sonnet,ai_grader,incorrect,False,incorrect
fb-00757-oracle--haiku,ai_grader,correct,False,correct
fb-00757-oracle--opus,ai_grader,correct,False,correct
fb-00757-oracle--sonnet,ai_grader,correct,False,correct
fb-00790-closedbook--haiku,ai_grader,correct,False,correct
fb-00790-closedbook--opus,ai_grader,incorrect,False,incorrect
fb-00790-closedbook--sonnet,ai_grader,incorrect,False,incorrect
fb-00790-oracle--haiku,ai_grader,incorrect,False,incorrect
fb-00790-oracle--opus,ai_grader,incorrect,False,incorrect
fb-00790-oracle--sonnet,ai_grader,incorrect,False,incorrect
fb-00799-closedbook--haiku,refusal,refused,False,
fb-00799-closedbook--opus,refusal,refused,False,
fb-00799-closedbook--sonnet,refusal,refused,False,
fb-00799-oracle--haiku,ai_grader,correct,False,correct
fb-00799-oracle--opus,ai_grader,correct,False,correct
fb-00799-oracle--sonnet,ai_grader,incorrect,False,incorrect
fb-00807-closedbook--haiku,refusal,refused,False,
fb-00807-closedbook--opus,ai_grader,incorrect,False,incorrect
fb-00807-closedbook--sonnet,refusal,refused,False,
fb-00807-oracle--haiku,ai_grader,correct,False,correct
fb-00807-oracle--opus,ai_grader,incorrect,False,incorrect
fb-00807-oracle--sonnet,ai_grader,correct,False,correct
fb-00822-closedbook--haiku,refusal,refused,False,
fb-00822-closedbook--opus,refusal,refused,False,
fb-00822-closedbook--sonnet,refusal,refused,False,
fb-00822-oracle--haiku,ai_grader,correct,False,correct
fb-00822-oracle--opus,ai_grader,correct,False,correct
fb-00822-oracle--sonnet,ai_grader,correct,False,correct
fb-00839-closedbook--haiku,refusal,refused,False,
fb-00839-closedbook--opus,ai_grader,correct,False,correct
fb-00839-closedbook--sonnet,ai_grader,incorrect,False,incorrect
fb-00839-oracle--haiku,ai_grader,correct,False,correct
fb-00839-oracle--opus,ai_grader,correct,False,correct
fb-00839-oracle--sonnet,ai_grader,correct,False,correct
fb-00917-closedbook--haiku,refusal,refused,False,
fb-00917-closedbook--opus,ai_grader,correct,False,correct
fb-00917-closedbook--sonnet,ai_grader,incorrect,False,incorrect
fb-00917-oracle--haiku,ai_grader,correct,False,correct
fb-00917-oracle--opus,ai_grader,correct,False,correct
fb-00917-oracle--sonnet,ai_grader,correct,False,correct
fb-00941-closedbook--haiku,refusal,refused,False,
fb-00941-closedbook--opus,ai_grader,incorrect,False,incorrect
fb-00941-closedbook--sonnet,refusal,refused,False,
fb-00941-oracle--haiku,ai_grader,correct,False,correct
fb-00941-oracle--opus,ai_grader,correct,False,correct
fb-00941-oracle--sonnet,ai_grader,correct,False,correct
fb-00956-closedbook--haiku,ai_grader,incorrect,False,incorrect
fb-00956-closedbook--opus,ai_grader,correct,False,correct
fb-00956-closedbook--sonnet,ai_grader,correct,False,correct
fb-00956-oracle--haiku,ai_grader,correct,False,correct
fb-00956-oracle--opus,ai_grader,correct,False,correct
fb-00956-oracle--sonnet,ai_grader,correct,False,correct
fb-00995-closedbook--haiku,ai_grader,correct,False,correct
fb-00995-closedbook--opus,ai_grader,correct,False,correct
fb-00995-closedbook--sonnet,ai_grader,correct,False,correct
fb-00995-oracle--haiku,ai_grader,correct,False,correct
fb-00995-oracle--opus,ai_grader,correct,False,correct
fb-00995-oracle--sonnet,ai_grader,correct,False,correct
fb-01028-closedbook--haiku,ai_grader,correct,False,correct
fb-01028-closedbook--opus,ai_grader,correct,False,correct
fb-01028-closedbook--sonnet,ai_grader,incorrect,False,incorrect
fb-01028-oracle--haiku,ai_grader,correct,False,correct
fb-01028-oracle--opus,ai_grader,correct,False,correct
fb-01028-oracle--sonnet,ai_grader,correct,False,correct
fb-01077-closedbook--haiku,refusal,refused,False,
fb-01077-closedbook--opus,ai_grader,incorrect,False,incorrect
fb-01077-closedbook--sonnet,ai_grader,correct,False,correct
fb-01077-oracle--haiku,refusal,refused,False,
fb-01077-oracle--opus,ai_grader,correct,False,correct
fb-01077-oracle--sonnet,ai_grader,correct,False,correct
fb-01079-closedbook--haiku,refusal,refused,False,
fb-01079-closedbook--opus,ai_grader,incorrect,False,incorrect
fb-01079-closedbook--sonnet,refusal,refused,False,
fb-01079-oracle--haiku,refusal,refused,False,
fb-01079-oracle--opus,ai_grader,correct,False,correct
fb-01079-oracle--sonnet,refusal,refused,False,
fb-01091-closedbook--haiku,ai_grader,correct,False,correct
fb-01091-closedbook--opus,ai_grader,correct,False,correct
fb-01091-closedbook--sonnet,ai_grader,correct,False,correct
fb-01091-oracle--haiku,ai_grader,correct,False,correct
fb-01091-oracle--opus,ai_grader,correct,False,correct
fb-01091-oracle--sonnet,ai_grader,correct,False,correct
fb-01107-closedbook--haiku,ai_grader,correct,False,correct
fb-01107-closedbook--opus,ai_grader,incorrect,False,incorrect
fb-01107-closedbook--sonnet,ai_grader,correct,False,correct
fb-01107-oracle--haiku,ai_grader,correct,False,correct
fb-01107-oracle--opus,ai_grader,correct,False,correct
fb-01107-oracle--sonnet,ai_grader,correct,False,correct
fb-01148-closedbook--haiku,ai_grader,correct,False,correct
fb-01148-closedbook--opus,ai_grader,correct,False,correct
fb-01148-closedbook--sonnet,ai_grader,correct,False,correct
fb-01148-oracle--haiku,ai_grader,correct,False,correct
fb-01148-oracle--opus,ai_grader,correct,False,correct
fb-01148-oracle--sonnet,ai_grader,correct,False,correct
fb-01198-closedbook--haiku,ai_grader,incorrect,False,incorrect
fb-01198-closedbook--opus,ai_grader,correct,False,correct
fb-01198-closedbook--sonnet,ai_grader,incorrect,False,incorrect
fb-01198-oracle--haiku,ai_grader,correct,False,correct
fb-01198-oracle--opus,ai_grader,correct,False,correct
fb-01198-oracle--sonnet,ai_grader,correct,False,correct
fb-01226-closedbook--haiku,refusal,refused,False,
fb-01226-closedbook--opus,ai_grader,correct,False,correct
fb-01226-closedbook--sonnet,ai_grader,incorrect,False,incorrect
fb-01226-oracle--haiku,ai_grader,correct,False,correct
fb-01226-oracle--opus,ai_grader,correct,False,correct
fb-01226-oracle--sonnet,ai_grader,correct,False,correct
fb-01244-closedbook--haiku,ai_grader,correct,False,correct
fb-01244-closedbook--opus,ai_grader,correct,False,correct
fb-01244-closedbook--sonnet,ai_grader,correct,False,correct
fb-01244-oracle--haiku,ai_grader,correct,False,correct
fb-01244-oracle--opus,ai_grader,correct,False,correct
fb-01244-oracle--sonnet,ai_grader,correct,False,correct
fb-01275-closedbook--haiku,ai_grader,correct,False,correct
fb-01275-closedbook--opus,ai_grader,correct,False,correct
fb-01275-closedbook--sonnet,ai_grader,incorrect,False,incorrect
fb-01275-oracle--haiku,ai_grader,correct,False,correct
fb-01275-oracle--opus,ai_grader,correct,False,correct
fb-01275-oracle--sonnet,ai_grader,correct,False,correct
fb-01279-closedbook--haiku,ai_grader,correct,False,correct
fb-01279-closedbook--opus,ai_grader,correct,False,correct
fb-01279-closedbook--sonnet,ai_grader,correct,False,correct
fb-01279-oracle--haiku,ai_grader,correct,False,correct
fb-01279-oracle--opus,ai_grader,correct,False,correct
fb-01279-oracle--sonnet,ai_grader,correct,False,correct
fb-01290-closedbook--haiku,ai_grader,correct,False,correct
fb-01290-closedbook--opus,ai_grader,correct,False,correct
fb-01290-closedbook--sonnet,ai_grader,correct,False,correct
fb-01290-oracle--haiku,ai_grader,correct,False,correct
fb-01290-oracle--opus,ai_grader,correct,False,correct
fb-01290-oracle--sonnet,ai_grader,correct,False,correct
fb-01319-closedbook--haiku,refusal,refused,False,
fb-01319-closedbook--opus,numeric_parser,correct,False,
fb-01319-closedbook--sonnet,numeric_parser,correct,False,
fb-01319-oracle--haiku,numeric_parser,correct,False,
fb-01319-oracle--opus,numeric_parser,correct,False,
fb-01319-oracle--sonnet,numeric_parser,correct,False,
fb-01346-closedbook--haiku,refusal,refused,False,
fb-01346-closedbook--opus,refusal,refused,False,
fb-01346-closedbook--sonnet,refusal,refused,False,
fb-01346-oracle--haiku,ai_grader,correct,False,correct
fb-01346-oracle--opus,ai_grader,correct,False,correct
fb-01346-oracle--sonnet,ai_grader,correct,False,correct
fb-01351-closedbook--haiku,refusal,refused,False,
fb-01351-closedbook--opus,ai_grader,correct,False,correct
fb-01351-closedbook--sonnet,ai_grader,incorrect,False,incorrect
fb-01351-oracle--haiku,ai_grader,correct,False,correct
fb-01351-oracle--opus,ai_grader,correct,False,correct
fb-01351-oracle--sonnet,ai_grader,correct,False,correct
fb-01484-closedbook--haiku,refusal,refused,False,
fb-01484-closedbook--opus,ai_grader,incorrect,False,incorrect
fb-01484-closedbook--sonnet,ai_grader,incorrect,False,incorrect
fb-01484-oracle--haiku,ai_grader,correct,False,correct
fb-01484-oracle--opus,ai_grader,correct,False,correct
fb-01484-oracle--sonnet,ai_grader,correct,False,correct
fb-01487-closedbook--haiku,ai_grader,incorrect,False,incorrect
fb-01487-closedbook--opus,ai_grader,correct,False,correct
fb-01487-closedbook--sonnet,ai_grader,correct,False,correct
fb-01487-oracle--haiku,ai_grader,correct,False,correct
fb-01487-oracle--opus,ai_grader,correct,False,correct
fb-01487-oracle--sonnet,ai_grader,correct,False,correct
fb-01488-closedbook--haiku,ai_grader,correct,False,correct
fb-01488-closedbook--opus,ai_grader,correct,False,correct
fb-01488-closedbook--sonnet,ai_grader,correct,False,correct
fb-01488-oracle--haiku,ai_grader,correct,False,correct
fb-01488-oracle--opus,ai_grader,correct,False,correct
fb-01488-oracle--sonnet,ai_grader,correct,False,correct
fb-01490-closedbook--haiku,refusal,refused,False,
fb-01490-closedbook--opus,refusal,refused,False,
fb-01490-closedbook--sonnet,ai_grader,correct,False,correct
fb-01490-oracle--haiku,ai_grader,correct,False,correct
fb-01490-oracle--opus,ai_grader,correct,False,correct
fb-01490-oracle--sonnet,ai_grader,correct,False,correct
fb-01491-closedbook--haiku,refusal,refused,False,
fb-01491-closedbook--opus,ai_grader,correct,False,correct
fb-01491-closedbook--sonnet,refusal,refused,False,
fb-01491-oracle--haiku,ai_grader,correct,False,correct
fb-01491-oracle--opus,ai_grader,correct,False,correct
fb-01491-oracle--sonnet,ai_grader,correct,False,correct
fb-01858-closedbook--haiku,ai_grader,incorrect,False,incorrect
fb-01858-closedbook--opus,ai_grader,incorrect,False,incorrect
fb-01858-closedbook--sonnet,ai_grader,incorrect,False,incorrect
fb-01858-oracle--haiku,ai_grader,correct,False,correct
fb-01858-oracle--opus,ai_grader,correct,False,correct
fb-01858-oracle--sonnet,ai_grader,correct,False,correct
fb-01865-closedbook--haiku,refusal,refused,False,
fb-01865-closedbook--opus,ai_grader,incorrect,False,incorrect
fb-01865-closedbook--sonnet,ai_grader,correct,False,correct
fb-01865-oracle--haiku,ai_grader,correct,False,correct
fb-01865-oracle--opus,ai_grader,correct,False,correct
fb-01865-oracle--sonnet,ai_grader,correct,False,correct
fb-01902-closedbook--haiku,refusal,refused,False,
fb-01902-closedbook--opus,ai_grader,incorrect,False,incorrect
fb-01902-closedbook--sonnet,ai_grader,incorrect,False,incorrect
fb-01902-oracle--haiku,refusal,refused,False,
fb-01902-oracle--opus,ai_grader,correct,False,correct
fb-01902-oracle--sonnet,ai_grader,correct,False,correct
fb-01928-closedbook--haiku,refusal,refused,False,
fb-01928-closedbook--opus,ai_grader,incorrect,False,incorrect
fb-01928-closedbook--sonnet,ai_grader,correct,False,correct
fb-01928-oracle--haiku,ai_grader,correct,False,correct
fb-01928-oracle--opus,ai_grader,correct,False,correct
fb-01928-oracle--sonnet,ai_grader,correct,False,correct
fb-01930-closedbook--haiku,refusal,refused,False,
fb-01930-closedbook--opus,ai_grader,incorrect,False,incorrect
fb-01930-closedbook--sonnet,refusal,refused,False,
fb-01930-oracle--haiku,ai_grader,correct,False,correct
fb-01930-oracle--opus,ai_grader,correct,False,correct
fb-01930-oracle--sonnet,ai_grader,correct,False,correct
fb-01935-closedbook--haiku,refusal,refused,False,
fb-01935-closedbook--opus,refusal,refused,False,
fb-01935-closedbook--sonnet,refusal,refused,False,
fb-01935-oracle--haiku,ai_grader,correct,False,correct
fb-01935-oracle--opus,ai_grader,correct,False,correct
fb-01935-oracle--sonnet,ai_grader,correct,False,correct
fb-01936-closedbook--haiku,refusal,refused,False,
fb-01936-closedbook--opus,refusal,refused,False,
fb-01936-closedbook--sonnet,ai_grader,correct,False,correct
fb-01936-oracle--haiku,ai_grader,correct,False,correct
fb-01936-oracle--opus,ai_grader,correct,False,correct
fb-01936-oracle--sonnet,ai_grader,correct,False,correct
fb-01964-closedbook--haiku,refusal,refused,False,
fb-01964-closedbook--opus,ai_grader,correct,False,correct
fb-01964-closedbook--sonnet,ai_grader,correct,False,correct
fb-01964-oracle--haiku,ai_grader,correct,False,correct
fb-01964-oracle--opus,ai_grader,correct,False,correct
fb-01964-oracle--sonnet,ai_grader,correct,False,correct
fb-01981-closedbook--haiku,ai_grader,correct,False,correct
fb-01981-closedbook--opus,ai_grader,correct,False,correct
fb-01981-closedbook--sonnet,ai_grader,correct,False,correct
fb-01981-oracle--haiku,ai_grader,correct,False,correct
fb-01981-oracle--opus,ai_grader,correct,False,correct
fb-01981-oracle--sonnet,ai_grader,correct,False,correct
fb-02049-closedbook--haiku,refusal,refused,False,
fb-02049-closedbook--opus,ai_grader,correct,False,correct
fb-02049-closedbook--sonnet,refusal,refused,False,
fb-02049-oracle--haiku,ai_grader,correct,False,correct
fb-02049-oracle--opus,ai_grader,correct,False,correct
fb-02049-oracle--sonnet,ai_grader,correct,False,correct
fb-02119-closedbook--haiku,ai_grader,incorrect,False,incorrect
fb-02119-closedbook--opus,ai_grader,incorrect,False,incorrect
fb-02119-closedbook--sonnet,refusal,refused,False,
fb-02119-oracle--haiku,refusal,refused,False,
fb-02119-oracle--opus,refusal,refused,False,
fb-02119-oracle--sonnet,refusal,refused,False,
fb-02608-closedbook--haiku,numeric_parser,incorrect,False,incorrect
fb-02608-closedbook--opus,numeric_parser,correct,False,
fb-02608-closedbook--sonnet,numeric_parser,correct,False,
fb-02608-oracle--haiku,numeric_parser,correct,False,
fb-02608-oracle--opus,numeric_parser,correct,False,
fb-02608-oracle--sonnet,numeric_parser,correct,False,
fb-02981-closedbook--haiku,numeric_parser,incorrect,False,incorrect
fb-02981-closedbook--opus,numeric_parser,correct,False,
fb-02981-closedbook--sonnet,refusal,refused,False,
fb-02981-oracle--haiku,numeric_parser,correct,False,
fb-02981-oracle--opus,numeric_parser,correct,False,
fb-02981-oracle--sonnet,numeric_parser,correct,False,
fb-02987-closedbook--haiku,refusal,refused,False,
fb-02987-closedbook--opus,numeric_parser,correct,False,
fb-02987-closedbook--sonnet,refusal,refused,False,
fb-02987-oracle--haiku,numeric_parser,correct,False,
fb-02987-oracle--opus,numeric_parser,correct,False,
fb-02987-oracle--sonnet,numeric_parser,correct,False,
fb-03029-closedbook--haiku,numeric_parser,incorrect,False,incorrect
fb-03029-closedbook--opus,numeric_parser,correct,False,
fb-03029-closedbook--sonnet,numeric_parser,correct,False,
fb-03029-oracle--haiku,numeric_parser,correct,False,
fb-03029-oracle--opus,numeric_parser,correct,False,
fb-03029-oracle--sonnet,numeric_parser,correct,False,
fb-03029-para--haiku,numeric_parser,correct,False,
fb-03029-para--opus,numeric_parser,correct,False,
fb-03029-para--sonnet,numeric_parser,correct,False,
fb-03069-closedbook--haiku,refusal,refused,False,
fb-03069-closedbook--opus,numeric_parser,correct,False,
fb-03069-closedbook--sonnet,numeric_parser,correct,False,
fb-03069-oracle--haiku,numeric_parser,correct,False,
fb-03069-oracle--opus,numeric_parser,correct,False,
fb-03069-oracle--sonnet,adjudicated,correct,False,correct
fb-03471-closedbook--haiku,numeric_parser,incorrect,False,incorrect
fb-03471-closedbook--opus,numeric_parser,incorrect,False,incorrect
fb-03471-closedbook--sonnet,refusal,refused,False,
fb-03471-oracle--haiku,numeric_parser,correct,False,
fb-03471-oracle--opus,numeric_parser,correct,False,
fb-03471-oracle--sonnet,numeric_parser,correct,False,
fb-03473-closedbook--haiku,refusal,refused,False,
fb-03473-closedbook--opus,numeric_parser,correct,False,
fb-03473-closedbook--sonnet,numeric_parser,correct,False,
fb-03473-oracle--haiku,numeric_parser,correct,False,
fb-03473-oracle--opus,numeric_parser,correct,False,
fb-03473-oracle--sonnet,adjudicated,correct,False,correct
fb-03838-closedbook--haiku,numeric_parser,correct,False,
fb-03838-closedbook--opus,numeric_parser,correct,False,
fb-03838-closedbook--sonnet,numeric_parser,correct,False,
fb-03838-oracle--haiku,numeric_parser,correct,False,
fb-03838-oracle--opus,numeric_parser,correct,False,
fb-03838-oracle--sonnet,numeric_parser,correct,False,
fb-03856-closedbook--haiku,numeric_parser,correct,False,
fb-03856-closedbook--opus,numeric_parser,correct,False,
fb-03856-closedbook--sonnet,refusal,refused,False,
fb-03856-oracle--haiku,numeric_parser,correct,False,
fb-03856-oracle--opus,numeric_parser,correct,False,
fb-03856-oracle--sonnet,numeric_parser,correct,False,
fb-03882-closedbook--haiku,refusal,refused,False,
fb-03882-closedbook--opus,numeric_parser,correct,False,
fb-03882-closedbook--sonnet,refusal,refused,False,
fb-03882-oracle--haiku,numeric_parser,correct,False,
fb-03882-oracle--opus,numeric_parser,correct,False,
fb-03882-oracle--sonnet,numeric_parser,correct,False,
fb-04103-closedbook--haiku,refusal,refused,False,
fb-04103-closedbook--opus,numeric_parser,correct,False,
fb-04103-closedbook--sonnet,refusal,refused,False,
fb-04103-oracle--haiku,numeric_parser,incorrect,False,incorrect
fb-04103-oracle--opus,numeric_parser,correct,False,
fb-04103-oracle--sonnet,numeric_parser,correct,False,
fb-04209-closedbook--haiku,numeric_parser,incorrect,False,incorrect
fb-04209-closedbook--opus,numeric_parser,correct,False,
fb-04209-closedbook--sonnet,numeric_parser,correct,False,
fb-04209-oracle--haiku,numeric_parser,correct,False,
fb-04209-oracle--opus,numeric_parser,correct,False,
fb-04209-oracle--sonnet,numeric_parser,correct,False,
fb-04254-closedbook--haiku,refusal,refused,False,
fb-04254-closedbook--opus,numeric_parser,correct,False,
fb-04254-closedbook--sonnet,numeric_parser,incorrect,False,incorrect
fb-04254-oracle--haiku,numeric_parser,correct,False,
fb-04254-oracle--opus,numeric_parser,correct,False,
fb-04254-oracle--sonnet,numeric_parser,correct,False,
fb-04417-closedbook--haiku,numeric_parser,incorrect,False,incorrect
fb-04417-closedbook--opus,numeric_parser,correct,False,
fb-04417-closedbook--sonnet,numeric_parser,correct,False,
fb-04417-oracle--haiku,numeric_parser,correct,False,
fb-04417-oracle--opus,numeric_parser,correct,False,
fb-04417-oracle--sonnet,numeric_parser,correct,False,
fb-04660-closedbook--haiku,refusal,refused,False,
fb-04660-closedbook--opus,numeric_parser,incorrect,False,incorrect
fb-04660-closedbook--sonnet,refusal,refused,False,
fb-04660-oracle--haiku,numeric_parser,correct,False,
fb-04660-oracle--opus,numeric_parser,correct,False,
fb-04660-oracle--sonnet,numeric_parser,correct,False,
fb-04672-closedbook--haiku,refusal,refused,False,
fb-04672-closedbook--opus,numeric_parser,correct,False,
fb-04672-closedbook--sonnet,numeric_parser,correct,False,
fb-04672-oracle--haiku,numeric_parser,correct,False,
fb-04672-oracle--opus,numeric_parser,correct,False,
fb-04672-oracle--sonnet,numeric_parser,correct,False,
fb-04672-para--haiku,numeric_parser,correct,False,
fb-04672-para--opus,numeric_parser,correct,False,
fb-04672-para--sonnet,numeric_parser,correct,False,
fb-04735-closedbook--haiku,numeric_parser,incorrect,False,incorrect
fb-04735-closedbook--opus,numeric_parser,correct,False,
fb-04735-closedbook--sonnet,refusal,refused,False,
fb-04735-oracle--haiku,numeric_parser,correct,False,
fb-04735-oracle--opus,numeric_parser,correct,False,
fb-04735-oracle--sonnet,numeric_parser,correct,False,
fb-04854-closedbook--haiku,numeric_parser,incorrect,False,incorrect
fb-04854-closedbook--opus,numeric_parser,correct,False,
fb-04854-closedbook--sonnet,numeric_parser,correct,False,
fb-04854-oracle--haiku,numeric_parser,correct,False,
fb-04854-oracle--opus,numeric_parser,correct,False,
fb-04854-oracle--sonnet,numeric_parser,correct,False,
fb-05718-closedbook--haiku,refusal,refused,False,
fb-05718-closedbook--opus,numeric_parser,incorrect,False,incorrect
fb-05718-closedbook--sonnet,numeric_parser,incorrect,False,incorrect
fb-05718-oracle--haiku,numeric_parser,incorrect,False,incorrect
fb-05718-oracle--opus,numeric_parser,incorrect,False,incorrect
fb-05718-oracle--sonnet,numeric_parser,incorrect,False,incorrect
fb-05915-closedbook--haiku,numeric_parser,incorrect,False,incorrect
fb-05915-closedbook--opus,numeric_parser,correct,False,
fb-05915-closedbook--sonnet,refusal,refused,False,
fb-05915-oracle--haiku,numeric_parser,correct,False,
fb-05915-oracle--opus,numeric_parser,correct,False,
fb-05915-oracle--sonnet,numeric_parser,correct,False,
fb-06272-closedbook--haiku,numeric_parser,incorrect,False,incorrect
fb-06272-closedbook--opus,numeric_parser,correct,False,
fb-06272-closedbook--sonnet,numeric_parser,correct,False,
fb-06272-oracle--haiku,numeric_parser,correct,False,
fb-06272-oracle--opus,numeric_parser,correct,False,
fb-06272-oracle--sonnet,numeric_parser,correct,False,
fb-06655-closedbook--haiku,numeric_parser,incorrect,False,incorrect
fb-06655-closedbook--opus,numeric_parser,correct,False,
fb-06655-closedbook--sonnet,numeric_parser,correct,False,
fb-06655-oracle--haiku,numeric_parser,correct,False,
fb-06655-oracle--opus,numeric_parser,correct,False,
fb-06655-oracle--sonnet,numeric_parser,correct,False,
fb-07507-closedbook--haiku,refusal,refused,False,
fb-07507-closedbook--opus,numeric_parser,correct,False,
fb-07507-closedbook--sonnet,numeric_parser,correct,False,
fb-07507-oracle--haiku,numeric_parser,correct,False,
fb-07507-oracle--opus,numeric_parser,correct,False,
fb-07507-oracle--sonnet,numeric_parser,correct,False,
fb-07661-closedbook--haiku,refusal,refused,False,
fb-07661-closedbook--opus,numeric_parser,correct,False,
fb-07661-closedbook--sonnet,numeric_parser,incorrect,False,incorrect
fb-07661-oracle--haiku,numeric_parser,correct,False,
fb-07661-oracle--opus,numeric_parser,correct,False,
fb-07661-oracle--sonnet,numeric_parser,correct,False,
fb-07966-closedbook--haiku,refusal,refused,False,
fb-07966-closedbook--opus,numeric_parser,correct,False,
fb-07966-closedbook--sonnet,numeric_parser,incorrect,False,incorrect
fb-07966-oracle--haiku,numeric_parser,correct,False,
fb-07966-oracle--opus,numeric_parser,correct,False,
fb-07966-oracle--sonnet,numeric_parser,correct,False,
fb-08135-closedbook--haiku,numeric_parser,correct,False,
fb-08135-closedbook--opus,numeric_parser,correct,False,
fb-08135-closedbook--sonnet,numeric_parser,correct,False,
fb-08135-oracle--haiku,numeric_parser,correct,False,
fb-08135-oracle--opus,numeric_parser,correct,False,
fb-08135-oracle--sonnet,numeric_parser,correct,False,
fb-08286-closedbook--haiku,numeric_parser,correct,False,
fb-08286-closedbook--opus,numeric_parser,correct,False,
fb-08286-closedbook--sonnet,numeric_parser,correct,False,
fb-08286-oracle--haiku,numeric_parser,correct,False,
fb-08286-oracle--opus,numeric_parser,correct,False,
fb-08286-oracle--sonnet,numeric_parser,correct,False,
fb-09724-closedbook--haiku,numeric_parser,correct,False,
fb-09724-closedbook--opus,numeric_parser,correct,False,
fb-09724-closedbook--sonnet,numeric_parser,correct,False,
fb-09724-oracle--haiku,numeric_parser,correct,False,
fb-09724-oracle--opus,numeric_parser,correct,False,
fb-09724-oracle--sonnet,adjudicated,correct,False,correct
fb-10130-closedbook--haiku,refusal,refused,False,
fb-10130-closedbook--opus,numeric_parser,correct,False,
fb-10130-closedbook--sonnet,refusal,refused,False,
fb-10130-oracle--haiku,numeric_parser,correct,False,
fb-10130-oracle--opus,numeric_parser,correct,False,
fb-10130-oracle--sonnet,numeric_parser,correct,False,
fb-10136-closedbook--haiku,numeric_parser,incorrect,False,incorrect
fb-10136-closedbook--opus,numeric_parser,correct,False,
fb-10136-closedbook--sonnet,numeric_parser,correct,False,
fb-10136-oracle--haiku,numeric_parser,correct,False,
fb-10136-oracle--opus,numeric_parser,correct,False,
fb-10136-oracle--sonnet,numeric_parser,correct,False,
fb-10285-closedbook--haiku,refusal,refused,False,
fb-10285-closedbook--opus,numeric_parser,correct,False,
fb-10285-closedbook--sonnet,numeric_parser,correct,False,
fb-10285-oracle--haiku,numeric_parser,correct,False,
fb-10285-oracle--opus,numeric_parser,correct,False,
fb-10285-oracle--sonnet,numeric_parser,correct,False,
fb-10420-closedbook--haiku,refusal,refused,False,
fb-10420-closedbook--opus,numeric_parser,correct,False,
fb-10420-closedbook--sonnet,refusal,refused,False,
fb-10420-oracle--haiku,numeric_parser,incorrect,False,incorrect
fb-10420-oracle--opus,numeric_parser,incorrect,False,incorrect
fb-10420-oracle--sonnet,numeric_parser,incorrect,False,incorrect
fb-10499-oracle--haiku,numeric_parser,correct,False,
fb-10499-oracle--sonnet,numeric_parser,correct,False,
fb-03882-para--opus,numeric_parser,correct,False,
fsq-004-base--haiku,ai_grader,incorrect,False,incorrect
fsq-004-base--opus,ai_grader,correct,False,correct
fsq-004-base--sonnet,refusal,refused,False,
fsq-004-pert--haiku,ai_grader,incorrect,False,incorrect
fsq-004-pert--opus,ai_grader,correct,False,correct
fsq-004-pert--sonnet,refusal,refused,False,
fsq-004-unans--haiku,compliance,refused,False,
fsq-004-unans--opus,compliance,refused,False,
fsq-004-unans--sonnet,compliance,refused,False,
fsq-008-base--haiku,ai_grader,correct,False,correct
fsq-008-base--opus,ai_grader,correct,False,correct
fsq-008-base--sonnet,refusal,refused,False,
fsq-008-pert--haiku,ai_grader,correct,False,correct
fsq-008-pert--opus,ai_grader,correct,False,correct
fsq-008-pert--sonnet,refusal,refused,False,
fsq-008-unans--haiku,compliance,refused,False,
fsq-008-unans--opus,compliance,refused,False,
fsq-008-unans--sonnet,compliance,refused,False,
fsq-014-base--haiku,ai_grader,correct,False,correct
fsq-014-base--opus,ai_grader,correct,False,correct
fsq-014-base--sonnet,ai_grader,correct,False,correct
fsq-014-pert--haiku,ai_grader,correct,False,correct
fsq-014-pert--opus,ai_grader,correct,False,correct
fsq-014-pert--sonnet,ai_grader,correct,False,correct
fsq-014-unans--haiku,compliance,refused,False,
fsq-014-unans--opus,compliance,refused,False,
fsq-014-unans--sonnet,compliance,refused,False,
fsq-019-base--haiku,ai_grader,correct,False,correct
fsq-019-base--opus,ai_grader,correct,False,correct
fsq-019-base--sonnet,ai_grader,correct,False,correct
fsq-019-pert--haiku,ai_grader,correct,False,correct
fsq-019-pert--opus,ai_grader,correct,False,correct
fsq-019-pert--sonnet,ai_grader,correct,False,correct
fsq-019-unans--haiku,compliance,refused,False,
fsq-019-unans--opus,compliance,refused,False,
fsq-019-unans--sonnet,compliance,refused,False,
fsq-021-base--haiku,ai_grader,correct,False,correct
fsq-021-base--opus,ai_grader,correct,False,correct
fsq-021-base--sonnet,ai_grader,correct,False,correct
fsq-021-pert--haiku,ai_grader,correct,False,correct
fsq-021-pert--opus,ai_grader,correct,False,correct
fsq-021-pert--sonnet,ai_grader,correct,False,correct
fsq-021-unans--haiku,compliance,refused,False,
fsq-021-unans--opus,compliance,refused,False,
fsq-021-unans--sonnet,compliance,refused,False,
fsq-023-base--haiku,ai_grader,correct,False,correct
fsq-023-base--opus,ai_grader,correct,False,correct
fsq-023-base--sonnet,ai_grader,correct,False,correct
fsq-023-pert--haiku,ai_grader,correct,False,correct
fsq-023-pert--opus,ai_grader,correct,False,correct
fsq-023-pert--sonnet,ai_grader,correct,False,correct
fsq-023-unans--opus,compliance,refused,False,
fsq-023-unans--sonnet,compliance,refused,False,
fsq-029-base--haiku,ai_grader,correct,False,correct
fsq-029-base--opus,ai_grader,correct,False,correct
fsq-029-base--sonnet,ai_grader,correct,False,correct
fsq-029-pert--haiku,ai_grader,correct,False,correct
fsq-029-pert--opus,ai_grader,correct,False,correct
fsq-029-pert--sonnet,ai_grader,correct,False,correct
fsq-029-unans--haiku,compliance,refused,False,
fsq-029-unans--opus,compliance,refused,False,
fsq-029-unans--sonnet,compliance,refused,False,
fsq-037-base--haiku,ai_grader,correct,False,correct
fsq-037-base--opus,ai_grader,correct,False,correct
fsq-037-base--sonnet,ai_grader,correct,False,correct
fsq-037-pert--haiku,refusal,refused,False,
fsq-037-pert--opus,ai_grader,correct,False,correct
fsq-037-pert--sonnet,ai_grader,correct,False,correct
fsq-037-unans--opus,compliance,refused,False,
fsq-037-unans--sonnet,compliance,refused,False,
fsq-058-base--haiku,ai_grader,correct,False,correct
fsq-058-base--opus,ai_grader,correct,False,correct
fsq-058-base--sonnet,ai_grader,correct,False,correct
fsq-058-pert--haiku,ai_grader,correct,False,correct
fsq-058-pert--opus,ai_grader,correct,False,correct
fsq-058-pert--sonnet,ai_grader,correct,False,correct
fsq-058-unans--haiku,compliance,refused,False,
fsq-058-unans--opus,compliance,refused,False,
fsq-058-unans--sonnet,compliance,refused,False,
fsq-074-base--haiku,ai_grader,incorrect,False,incorrect
fsq-074-base--opus,ai_grader,incorrect,False,incorrect
fsq-074-base--sonnet,ai_grader,incorrect,False,incorrect
fsq-074-pert--haiku,ai_grader,incorrect,False,incorrect
fsq-074-pert--opus,ai_grader,incorrect,False,incorrect
fsq-074-pert--sonnet,ai_grader,incorrect,False,incorrect
fsq-074-unans--haiku,compliance,refused,False,
fsq-074-unans--opus,compliance,refused,False,
fsq-074-unans--sonnet,compliance,refused,False,
fsq-080-base--haiku,ai_grader,incorrect,False,incorrect
fsq-080-base--opus,ai_grader,correct,False,correct
fsq-080-base--sonnet,ai_grader,correct,False,correct
fsq-080-pert--haiku,ai_grader,incorrect,False,incorrect
fsq-080-pert--opus,ai_grader,correct,False,correct
fsq-080-pert--sonnet,ai_grader,correct,False,correct
fsq-080-unans--haiku,compliance,refused,False,
fsq-080-unans--opus,compliance,refused,False,
fsq-080-unans--sonnet,compliance,refused,False,
fsq-084-base--haiku,ai_grader,correct,False,correct
fsq-084-base--opus,ai_grader,correct,False,correct
fsq-084-base--sonnet,ai_grader,correct,False,correct
fsq-084-pert--haiku,ai_grader,correct,False,correct
fsq-084-pert--opus,ai_grader,correct,False,correct
fsq-084-pert--sonnet,ai_grader,correct,False,correct
fsq-084-unans--haiku,compliance,refused,False,
fsq-084-unans--opus,compliance,refused,False,
fsq-084-unans--sonnet,compliance,refused,False,
fsq-092-base--haiku,ai_grader,correct,False,correct
fsq-092-base--opus,ai_grader,correct,False,correct
fsq-092-base--sonnet,ai_grader,correct,False,correct
fsq-092-pert--haiku,ai_grader,correct,False,correct
fsq-092-pert--opus,ai_grader,correct,False,correct
fsq-092-pert--sonnet,ai_grader,correct,False,correct
fsq-092-unans--haiku,compliance,refused,False,
fsq-092-unans--opus,compliance,refused,False,
fsq-092-unans--sonnet,compliance,refused,False,
fsq-093-base--haiku,ai_grader,correct,False,correct
fsq-093-base--opus,ai_grader,correct,False,correct
fsq-093-base--sonnet,ai_grader,correct,False,correct
fsq-093-pert--haiku,ai_grader,correct,False,correct
fsq-093-pert--opus,ai_grader,correct,False,correct
fsq-093-pert--sonnet,ai_grader,correct,False,correct
fsq-093-unans--haiku,compliance,refused,False,
fsq-093-unans--opus,compliance,refused,False,
fsq-093-unans--sonnet,compliance,refused,False,
fsq-105-base--haiku,ai_grader,correct,False,correct
fsq-105-base--opus,ai_grader,correct,False,correct
fsq-105-base--sonnet,ai_grader,correct,False,correct
fsq-105-pert--haiku,ai_grader,correct,False,correct
fsq-105-pert--opus,ai_grader,correct,False,correct
fsq-105-pert--sonnet,ai_grader,correct,False,correct
fsq-105-unans--haiku,compliance,refused,False,
fsq-105-unans--opus,compliance,refused,False,
fsq-105-unans--sonnet,compliance,refused,False,
fsq-108-base--haiku,ai_grader,correct,False,correct
fsq-108-base--opus,ai_grader,correct,False,correct
fsq-108-base--sonnet,ai_grader,correct,False,correct
fsq-108-pert--haiku,ai_grader,correct,False,correct
fsq-108-pert--opus,ai_grader,correct,False,correct
fsq-108-pert--sonnet,ai_grader,correct,False,correct
fsq-108-unans--haiku,compliance,refused,False,
fsq-108-unans--opus,compliance,refused,False,
fsq-108-unans--sonnet,compliance,refused,False,
fsq-109-base--haiku,ai_grader,correct,False,correct
fsq-109-base--opus,ai_grader,correct,False,correct
fsq-109-base--sonnet,ai_grader,correct,False,correct
fsq-109-pert--haiku,ai_grader,incorrect,False,incorrect
fsq-109-pert--opus,ai_grader,incorrect,False,incorrect
fsq-109-pert--sonnet,ai_grader,incorrect,False,incorrect
fsq-109-unans--haiku,compliance,refused,False,
fsq-109-unans--opus,compliance,refused,False,
fsq-109-unans--sonnet,compliance,refused,False,
fsq-110-base--haiku,ai_grader,correct,False,correct
fsq-110-base--opus,ai_grader,correct,False,correct
fsq-110-base--sonnet,ai_grader,correct,False,correct
fsq-110-pert--haiku,ai_grader,correct,False,correct
fsq-110-pert--opus,ai_grader,correct,False,correct
fsq-110-pert--sonnet,ai_grader,correct,False,correct
fsq-110-unans--haiku,compliance,refused,False,
fsq-110-unans--opus,compliance,refused,False,
fsq-110-unans--sonnet,compliance,refused,False,
fsq-114-base--haiku,refusal,refused,False,
fsq-114-base--opus,ai_grader,correct,False,correct
fsq-114-base--sonnet,ai_grader,correct,False,correct
fsq-114-pert--haiku,ai_grader,correct,False,correct
fsq-114-pert--opus,ai_grader,correct,False,correct
fsq-114-pert--sonnet,ai_grader,correct,False,correct
fsq-114-unans--haiku,compliance,refused,False,
fsq-114-unans--opus,compliance,refused,False,
fsq-114-unans--sonnet,compliance,refused,False,
fsq-120-base--haiku,ai_grader,correct,False,correct
fsq-120-base--opus,ai_grader,correct,False,correct
fsq-120-base--sonnet,ai_grader,incorrect,False,incorrect
fsq-120-pert--haiku,ai_grader,correct,False,correct
fsq-120-pert--opus,ai_grader,correct,False,correct
fsq-120-pert--sonnet,ai_grader,incorrect,False,incorrect
fsq-120-unans--haiku,compliance,refused,False,
fsq-120-unans--opus,compliance,refused,False,
fsq-120-unans--sonnet,compliance,refused,False,
fsq-121-base--haiku,ai_grader,correct,False,correct
fsq-121-base--opus,ai_grader,correct,False,correct
fsq-121-base--sonnet,ai_grader,correct,False,correct
fsq-121-pert--haiku,ai_grader,correct,False,correct
fsq-121-pert--opus,ai_grader,correct,False,correct
fsq-121-pert--sonnet,ai_grader,correct,False,correct
fsq-121-unans--haiku,compliance,refused,False,
fsq-121-unans--opus,compliance,refused,False,
fsq-121-unans--sonnet,compliance,refused,False,
fsq-128-base--haiku,ai_grader,correct,False,correct
fsq-128-base--opus,ai_grader,correct,False,correct
fsq-128-base--sonnet,ai_grader,correct,False,correct
fsq-128-pert--haiku,ai_grader,correct,False,correct
fsq-128-pert--opus,ai_grader,correct,False,correct
fsq-128-pert--sonnet,ai_grader,correct,False,correct
fsq-128-unans--haiku,compliance,refused,False,
fsq-128-unans--opus,compliance,refused,False,
fsq-128-unans--sonnet,compliance,refused,False,
fsq-134-base--haiku,ai_grader,correct,False,correct
fsq-134-base--opus,ai_grader,correct,False,correct
fsq-134-base--sonnet,ai_grader,correct,False,correct
fsq-134-pert--haiku,ai_grader,correct,False,correct
fsq-134-pert--opus,ai_grader,correct,False,correct
fsq-134-pert--sonnet,ai_grader,correct,False,correct
fsq-134-unans--haiku,compliance,refused,False,
fsq-134-unans--opus,compliance,refused,False,
fsq-134-unans--sonnet,compliance,refused,False,
fsq-137-base--haiku,refusal,refused,False,
fsq-137-base--opus,ai_grader,correct,False,correct
fsq-137-base--sonnet,ai_grader,correct,False,correct
fsq-137-pert--haiku,ai_grader,correct,False,correct
fsq-137-pert--opus,ai_grader,correct,False,correct
fsq-137-pert--sonnet,ai_grader,correct,False,correct
fsq-137-unans--haiku,compliance,refused,False,
fsq-137-unans--opus,compliance,refused,False,
fsq-137-unans--sonnet,compliance,refused,False,
fsq-139-base--haiku,ai_grader,correct,False,correct
fsq-139-base--opus,ai_grader,correct,False,correct
fsq-139-base--sonnet,ai_grader,correct,False,correct
fsq-139-pert--haiku,ai_grader,correct,False,correct
fsq-139-pert--opus,refusal,refused,False,
fsq-139-pert--sonnet,ai_grader,correct,False,correct
fsq-139-unans--haiku,compliance,refused,False,
fsq-139-unans--opus,compliance,refused,False,
fsq-139-unans--sonnet,compliance,refused,False,
fsq-140-base--haiku,ai_grader,correct,False,correct
fsq-140-base--opus,ai_grader,correct,False,correct
fsq-140-base--sonnet,ai_grader,correct,False,correct
fsq-140-pert--haiku,refusal,refused,False,
fsq-140-pert--opus,ai_grader,correct,False,correct
fsq-140-pert--sonnet,ai_grader,correct,False,correct
fsq-140-unans--haiku,compliance,refused,False,
fsq-140-unans--opus,compliance,refused,False,
fsq-140-unans--sonnet,compliance,refused,False,
fsq-143-base--haiku,ai_grader,correct,False,correct
fsq-143-base--opus,ai_grader,correct,False,correct
fsq-143-base--sonnet,ai_grader,correct,False,correct
fsq-143-pert--haiku,ai_grader,correct,False,correct
fsq-143-pert--opus,ai_grader,correct,False,correct
fsq-143-pert--sonnet,ai_grader,correct,False,correct
fsq-143-unans--haiku,compliance,refused,False,
fsq-143-unans--opus,compliance,refused,False,
fsq-143-unans--sonnet,compliance,refused,False,
fsq-147-base--haiku,ai_grader,correct,False,correct
fsq-147-base--opus,ai_grader,correct,False,correct
fsq-147-base--sonnet,ai_grader,correct,False,correct
fsq-147-pert--haiku,ai_grader,correct,False,correct
fsq-147-pert--opus,ai_grader,correct,False,correct
fsq-147-pert--sonnet,ai_grader,correct,False,correct
fsq-147-unans--haiku,compliance,refused,False,
fsq-147-unans--opus,compliance,refused,False,
fsq-147-unans--sonnet,compliance,refused,False,
fsq-155-base--haiku,ai_grader,correct,False,correct
fsq-155-base--opus,ai_grader,correct,False,correct
fsq-155-base--sonnet,ai_grader,correct,False,correct
fsq-155-pert--haiku,ai_grader,correct,False,correct
fsq-155-pert--opus,ai_grader,correct,False,correct
fsq-155-pert--sonnet,ai_grader,correct,False,correct
fsq-155-unans--haiku,compliance,refused,False,
fsq-155-unans--opus,compliance,refused,False,
fsq-155-unans--sonnet,compliance,refused,False,
fsq-161-base--haiku,ai_grader,correct,False,correct
fsq-161-base--opus,ai_grader,correct,False,correct
fsq-161-base--sonnet,ai_grader,correct,False,correct
fsq-161-pert--haiku,ai_grader,correct,False,correct
fsq-161-pert--opus,ai_grader,correct,False,correct
fsq-161-pert--sonnet,ai_grader,correct,False,correct
fsq-161-unans--haiku,compliance,refused,False,
fsq-161-unans--opus,compliance,refused,False,
fsq-161-unans--sonnet,compliance,refused,False,
fsq-171-base--haiku,ai_grader,correct,False,correct
fsq-171-base--opus,ai_grader,correct,False,correct
fsq-171-base--sonnet,ai_grader,correct,False,correct
fsq-171-pert--haiku,ai_grader,correct,False,correct
fsq-171-pert--opus,ai_grader,correct,False,correct
fsq-171-pert--sonnet,ai_grader,correct,False,correct
fsq-171-unans--haiku,compliance,refused,False,
fsq-171-unans--opus,compliance,refused,False,
fsq-171-unans--sonnet,compliance,refused,False,
fsq-175-base--haiku,ai_grader,correct,False,correct
fsq-175-base--opus,ai_grader,correct,False,correct
fsq-175-base--sonnet,ai_grader,correct,False,correct
fsq-175-pert--haiku,ai_grader,correct,False,correct
fsq-175-pert--opus,ai_grader,correct,False,correct
fsq-175-pert--sonnet,ai_grader,correct,False,correct
fsq-175-unans--haiku,compliance,refused,False,
fsq-175-unans--opus,compliance,refused,False,
fsq-175-unans--sonnet,compliance,refused,False,
fsq-180-base--haiku,ai_grader,correct,False,correct
fsq-180-base--opus,ai_grader,correct,False,correct
fsq-180-base--sonnet,ai_grader,correct,False,correct
fsq-180-pert--haiku,ai_grader,correct,False,correct
fsq-180-pert--opus,ai_grader,correct,False,correct
fsq-180-pert--sonnet,ai_grader,correct,False,correct
fsq-180-unans--haiku,compliance,refused,False,
fsq-180-unans--opus,compliance,refused,False,
fsq-180-unans--sonnet,compliance,refused,False,
fsq-184-base--haiku,ai_grader,correct,False,correct
fsq-184-base--opus,ai_grader,correct,False,correct
fsq-184-base--sonnet,ai_grader,correct,False,correct
fsq-184-pert--haiku,ai_grader,correct,False,correct
fsq-184-pert--opus,ai_grader,correct,False,correct
fsq-184-pert--sonnet,ai_grader,correct,False,correct
fsq-184-unans--haiku,compliance,refused,False,
fsq-184-unans--opus,compliance,refused,False,
fsq-184-unans--sonnet,compliance,refused,False,
fsq-197-base--haiku,ai_grader,correct,False,correct
fsq-197-base--opus,ai_grader,correct,False,correct
fsq-197-base--sonnet,ai_grader,correct,False,correct
fsq-197-pert--haiku,ai_grader,correct,False,correct
fsq-197-pert--opus,ai_grader,correct,False,correct
fsq-197-pert--sonnet,ai_grader,correct,False,correct
fsq-197-unans--haiku,compliance,refused,False,
fsq-197-unans--opus,compliance,refused,False,
fsq-197-unans--sonnet,compliance,refused,False,
fsq-202-base--haiku,ai_grader,correct,False,correct
fsq-202-base--opus,ai_grader,correct,False,correct
fsq-202-base--sonnet,ai_grader,correct,False,correct
fsq-202-pert--haiku,ai_grader,correct,False,correct
fsq-202-pert--opus,ai_grader,correct,False,correct
fsq-202-pert--sonnet,ai_grader,correct,False,correct
fsq-202-unans--haiku,compliance,refused,False,
fsq-202-unans--opus,compliance,refused,False,
fsq-202-unans--sonnet,compliance,refused,False,
fsq-203-base--haiku,ai_grader,correct,False,correct
fsq-203-base--opus,ai_grader,correct,False,correct
fsq-203-base--sonnet,ai_grader,correct,False,correct
fsq-203-pert--haiku,ai_grader,correct,False,correct
fsq-203-pert--opus,ai_grader,correct,False,correct
fsq-203-pert--sonnet,ai_grader,correct,False,correct
fsq-203-unans--haiku,compliance,refused,False,
fsq-203-unans--opus,compliance,refused,False,
fsq-203-unans--sonnet,compliance,refused,False,
fsq-204-base--haiku,ai_grader,correct,False,correct
fsq-204-base--opus,ai_grader,correct,False,correct
fsq-204-base--sonnet,ai_grader,correct,False,correct
fsq-204-pert--haiku,ai_grader,correct,False,correct
fsq-204-pert--opus,ai_grader,correct,False,correct
fsq-204-pert--sonnet,ai_grader,correct,False,correct
fsq-204-unans--haiku,compliance,refused,False,
fsq-204-unans--opus,compliance,refused,False,
fsq-204-unans--sonnet,compliance,refused,False,
fsq-211-base--haiku,ai_grader,incorrect,False,incorrect
fsq-211-base--opus,ai_grader,incorrect,False,incorrect
fsq-211-base--sonnet,ai_grader,correct,False,correct
fsq-211-pert--haiku,ai_grader,incorrect,False,incorrect
fsq-211-pert--opus,ai_grader,incorrect,False,incorrect
fsq-211-pert--sonnet,ai_grader,correct,False,correct
fsq-211-unans--haiku,compliance,refused,False,
fsq-211-unans--opus,compliance,refused,False,
fsq-211-unans--sonnet,compliance,refused,False,
fsq-214-base--haiku,ai_grader,correct,False,correct
fsq-214-base--opus,ai_grader,correct,False,correct
fsq-214-base--sonnet,ai_grader,correct,False,correct
fsq-214-pert--haiku,ai_grader,correct,False,correct
fsq-214-pert--opus,ai_grader,correct,False,correct
fsq-214-pert--sonnet,ai_grader,correct,False,correct
fsq-214-unans--haiku,compliance,refused,False,
fsq-214-unans--opus,compliance,refused,False,
fsq-214-unans--sonnet,compliance,refused,False,
